fasttext-wiki-news-subwords-300,husband,wife,father,mother,son,daughter,brother,sister,uncle,aunt,niece,nephew,grandmother,grandfather,acquaintance,ally,associate,colleague,counterpart,fellow,neighbor,patriot,confidant,companion,partner,supporter,member,follower,emigrant,foreigner,intruder,settler,stranger,visitor,vagrant,opposition,rival,opponent,adversary,competitor,invader,occupier,arab,beggar,blacks,crippled,disabled,jew,mexican,unemployed,native,elderly,indian,woman,chinese,pauper,enemy,villain,crook,delinquent,murderer,robber,thief,deserter,traitor,convict,criminal,felon,offender,scoundrel,animal,ape,bird,elephant,chicken,cow,dog,fish,pig,shark,bear,snake,monkey,lion,nature,forest,lake,mountain,ocean,reef,river,tree,sea,beach,island,coast,earth,planet
care,0.38397226,0.36983207,0.40103963,0.46736318,0.36289394,0.3472395,0.35827187,0.3803602,0.34135845,0.35672528,0.3100369,0.29373196,0.41398156,0.35759798,0.30856374,0.27809712,0.40862143,0.34096014,0.35993832,0.34275797,0.30276114,0.32426757,0.33785826,0.45938274,0.37915033,0.3673796,0.3122807,0.35761505,0.2942606,0.30868015,0.27065808,0.25661165,0.37445492,0.42149642,0.27100638,0.37907064,0.28744695,0.30283564,0.29679698,0.28077632,0.27279097,0.27079335,0.19035134,0.325005,0.31456107,0.29159993,0.35125613,0.024833255,0.21067347,0.27752352,0.35045725,0.43728355,0.2928156,0.36780912,0.33605838,0.34867132,0.33282533,0.28487235,0.2995923,0.29741755,0.23650934,0.18822661,0.25964138,0.29725447,0.26851323,0.33383492,0.39422196,0.21103725,0.38356882,0.26811433,0.4662285,0.31688148,0.37255394,0.33348495,0.32937032,0.28704533,0.43876007,0.3709016,0.25877973,0.29810467,0.47049484,0.3381476,0.32764962,0.34730005,0.5182986,0.3932729,0.30273798,0.3422517,0.3055636,0.2983479,0.26356617,0.388481,0.32570612,0.34743258,0.31034905,0.28615123,0.34863737,0.3622718
cares,0.36797786,0.37068427,0.36093262,0.40337563,0.31954157,0.31279263,0.33571258,0.32769468,0.29896918,0.29454374,0.2977978,0.2722332,0.34149003,0.29428926,0.29890817,0.2513626,0.3383074,0.31389078,0.3385139,0.33434236,0.34152615,0.3214237,0.36580554,0.38890088,0.31151727,0.3441088,0.31529614,0.32053778,0.27745852,0.358643,0.24522738,0.21388884,0.3811673,0.38709438,0.29768258,0.33838034,0.31349456,0.29435614,0.2976245,0.31644207,0.2571249,0.3006168,0.22827733,0.3254131,0.3309883,0.2696383,0.2827043,0.11103095,0.18235183,0.29752782,0.33035368,0.3430653,0.25174314,0.36100405,0.319459,0.3589689,0.3336841,0.3220192,0.28999585,0.2711393,0.25402907,0.19851305,0.25553018,0.27364385,0.30304128,0.27283087,0.33717644,0.2308625,0.29540735,0.2963152,0.37278393,0.2699032,0.36010402,0.27585495,0.27382627,0.26634696,0.3830209,0.28934848,0.26773733,0.22357136,0.40609813,0.2881217,0.32309192,0.30589128,0.4528649,0.32283157,0.22339427,0.26236144,0.24312855,0.2500574,0.21778102,0.33328125,0.27695107,0.26710415,0.29948848,0.25896302,0.3159387,0.35306516
cared,0.3663037,0.3423161,0.40340504,0.4363316,0.3303733,0.31553477,0.37592366,0.35650325,0.32694867,0.3131713,0.29434854,0.28010136,0.39615157,0.33659902,0.25682628,0.28105658,0.32302466,0.31783184,0.30137873,0.3456239,0.3232085,0.30604008,0.36641353,0.3615062,0.30136502,0.33771586,0.2895882,0.27546567,0.24142057,0.3354192,0.252531,0.19832638,0.36853907,0.3428185,0.2551342,0.31848493,0.24939021,0.25771108,0.2568617,0.2487842,0.23760545,0.289611,0.16925105,0.29648706,0.3551038,0.35856882,0.38879275,0.10020237,0.16730188,0.32768226,0.33586216,0.39576414,0.2476333,0.36835167,0.30179834,0.34475535,0.27030298,0.25865605,0.24369755,0.25347793,0.2313145,0.1498048,0.22394006,0.27601537,0.28544384,0.27521357,0.26852214,0.19214699,0.2614127,0.26850352,0.3629018,0.23964284,0.30817056,0.2862796,0.28070334,0.2572087,0.36183983,0.28739706,0.23904255,0.2209213,0.3869099,0.25791073,0.2683279,0.26776615,0.3743512,0.2864585,0.22188357,0.22929211,0.22159316,0.20959127,0.20414862,0.27506325,0.23295961,0.2879329,0.27719343,0.30026066,0.2842803,0.31572738
caring,0.3840913,0.3839538,0.44092777,0.48682848,0.35010654,0.3513206,0.38818356,0.40021265,0.36152685,0.35085654,0.31619817,0.29823732,0.4472524,0.37434232,0.31679815,0.34935632,0.39533764,0.4029448,0.34969035,0.4531177,0.4038312,0.337564,0.4133025,0.454956,0.41146412,0.38680595,0.35545263,0.35314146,0.28199023,0.35490683,0.26990885,0.27196336,0.4729744,0.35004774,0.332806,0.38031834,0.27062225,0.30092812,0.34188598,0.29751933,0.2612608,0.31917223,0.24558556,0.34167543,0.30151194,0.35384774,0.42567796,0.14894485,0.2127428,0.360623,0.350604,0.49082857,0.29695258,0.4263557,0.3312528,0.33736202,0.37245908,0.3184774,0.28998685,0.3345769,0.30424553,0.20844772,0.29322484,0.28035006,0.31223154,0.30008724,0.37110493,0.21661952,0.32865214,0.2886621,0.43887976,0.26944834,0.31001723,0.30174613,0.33773443,0.28787047,0.3771023,0.33396822,0.29244795,0.31507,0.37605125,0.32355508,0.3212283,0.33398333,0.4928746,0.34923834,0.24381603,0.284855,0.2884965,0.2892885,0.22517683,0.3169272,0.31934786,0.30731514,0.2700389,0.27093914,0.34889114,0.32594812
help,0.3521396,0.3261204,0.38219374,0.38430014,0.3255423,0.31214246,0.37120023,0.34682178,0.36583558,0.33971518,0.2918042,0.30975586,0.35068095,0.31413922,0.3410726,0.41662434,0.47277716,0.3919634,0.33310902,0.4335044,0.31236184,0.23933494,0.33949977,0.37426674,0.41775525,0.38013563,0.35555503,0.3288595,0.29751837,0.28685033,0.3386283,0.23342378,0.39133108,0.36959076,0.22089261,0.3571784,0.302365,0.30846968,0.35112628,0.29249534,0.35295126,0.3016659,0.22236851,0.3222689,0.30911452,0.36274034,0.36983803,0.013960115,0.20804965,0.38042828,0.28388605,0.36601546,0.27791342,0.28819993,0.31523633,0.22145633,0.33026478,0.29555795,0.25393352,0.24503398,0.25468016,0.23398986,0.2707847,0.22478439,0.25220224,0.37851647,0.279223,0.16736507,0.3448629,0.23463328,0.29222712,0.30110434,0.2551858,0.25668466,0.2610858,0.23054065,0.29822788,0.32326362,0.17400405,0.29412118,0.43230733,0.27323592,0.28111273,0.25688672,0.33241296,0.32706988,0.24156797,0.2963633,0.22009917,0.22948787,0.2723842,0.27899334,0.2902613,0.28191718,0.25384754,0.31489828,0.25542352,0.27413237
helps,0.29263034,0.2875791,0.32879683,0.34122923,0.27754936,0.2862634,0.32841125,0.31877097,0.29500496,0.2660823,0.25783926,0.25916463,0.30600673,0.29723826,0.28720683,0.37686178,0.44452414,0.3505786,0.34191078,0.43776375,0.26403147,0.22335443,0.32026875,0.346967,0.42067572,0.3641478,0.3420534,0.33609998,0.27359292,0.2738965,0.28080127,0.25010967,0.3264875,0.32196945,0.23201294,0.30573234,0.2740185,0.3111229,0.33088386,0.2970018,0.32065645,0.29085773,0.21036352,0.33287057,0.3076311,0.37532133,0.37860602,0.05371112,0.20635116,0.3228973,0.2739834,0.33648545,0.24747811,0.2851871,0.28187993,0.21397588,0.2906543,0.31428373,0.2653927,0.22897415,0.28252622,0.25898126,0.27566746,0.2399553,0.26743802,0.3869547,0.2642262,0.21430758,0.3289477,0.21878178,0.26854813,0.26821896,0.27036393,0.24646838,0.2615597,0.25486994,0.3010262,0.28196454,0.19889,0.26361328,0.3509545,0.26097053,0.27402657,0.2041262,0.32262602,0.311493,0.20250656,0.2587483,0.16835058,0.21224654,0.26085252,0.29545158,0.21194439,0.24607916,0.21520816,0.26320097,0.22878757,0.28550398
helping,0.322379,0.32182315,0.3614907,0.36471748,0.29002362,0.2960412,0.32695642,0.3229304,0.2871371,0.25415924,0.26037404,0.26754928,0.3221314,0.29166865,0.2557276,0.4318745,0.43731812,0.36301285,0.30525944,0.42836866,0.31455535,0.25241175,0.28461727,0.3226734,0.4130014,0.38110906,0.34379324,0.3019826,0.28336012,0.26578504,0.28437144,0.22509435,0.31102502,0.28937215,0.21841781,0.34922397,0.32776555,0.31212106,0.3282128,0.3134788,0.30972826,0.27619395,0.22332796,0.29665506,0.3268551,0.35029644,0.40759158,0.04168172,0.20000432,0.39994478,0.27756622,0.40626472,0.2701498,0.30827853,0.2779853,0.21949498,0.329323,0.30927166,0.25916392,0.308742,0.27064416,0.23551373,0.2790785,0.21280782,0.26116857,0.35882366,0.28139353,0.20235544,0.29768142,0.21704915,0.26565853,0.24856102,0.24987294,0.21685345,0.27512705,0.22243819,0.28886595,0.26001477,0.17600149,0.23634167,0.29888853,0.2344499,0.24239509,0.2124647,0.3226113,0.30580106,0.19632448,0.26396048,0.20589374,0.21067953,0.2591567,0.24783622,0.251199,0.29170766,0.23280491,0.34709272,0.28094444,0.31096244
helped,0.3060492,0.2928489,0.34195566,0.3367778,0.3037753,0.29860672,0.33841679,0.3049844,0.29064548,0.2455962,0.2470583,0.2628729,0.30309346,0.30324537,0.26490498,0.36132598,0.41514453,0.3427926,0.26359618,0.43645835,0.23669656,0.20725831,0.27013004,0.28729087,0.3542606,0.35643294,0.31971905,0.29538485,0.284588,0.23710556,0.27075276,0.22934449,0.27127957,0.2741914,0.17469142,0.32973412,0.26064903,0.2710666,0.26668134,0.2504201,0.29023272,0.2576816,0.1793092,0.2934434,0.3480653,0.4770849,0.41956666,0.008715198,0.16985577,0.37695992,0.2651006,0.3083822,0.24241254,0.27458528,0.2548133,0.16565563,0.23366189,0.22401218,0.19688027,0.21343324,0.21262811,0.20531586,0.2028081,0.19207259,0.21038532,0.37796003,0.2031113,0.17587899,0.26465324,0.1807321,0.21068618,0.2392324,0.19974422,0.21518594,0.2486831,0.22348976,0.2619196,0.24899669,0.1611182,0.2269348,0.3441815,0.22412704,0.21669057,0.1809926,0.27434233,0.24961512,0.1742892,0.2389077,0.14210089,0.1775881,0.24141265,0.21372117,0.19742836,0.250192,0.2391753,0.3119767,0.22066703,0.23393495
donate,0.2862132,0.27802047,0.2738684,0.29456708,0.23699845,0.26514843,0.29013637,0.295845,0.24653281,0.23880836,0.24985093,0.23894306,0.2872986,0.26354706,0.2412589,0.25901234,0.37653375,0.25949338,0.20929635,0.28287834,0.2520231,0.19392382,0.17111868,0.23849328,0.34281614,0.3672832,0.32335785,0.25796735,0.23823363,0.20140058,0.15573746,0.17943794,0.2595505,0.26768678,0.1270477,0.2040469,0.19788995,0.23556367,0.16081606,0.22987178,0.2199619,0.250877,0.20242324,0.30604374,0.22224735,0.29761472,0.29432973,0.07705873,0.16414687,0.260439,0.2274466,0.2516296,0.23661734,0.271866,0.2694206,0.27973598,0.16842906,0.17092967,0.19803758,0.17739502,0.14830062,0.18044604,0.18987486,0.15500112,0.17832622,0.256301,0.16290855,0.16173501,0.22986583,0.14611857,0.26966625,0.20088692,0.21318746,0.2308604,0.3317998,0.31376585,0.26307264,0.30435717,0.26074183,0.24468859,0.34122145,0.22906423,0.26921555,0.2444353,0.2682453,0.24757479,0.22631298,0.25537944,0.17398748,0.17439477,0.2300314,0.2456639,0.20840245,0.24775146,0.19411252,0.208733,0.26207843,0.23898743
donates,0.30831754,0.31384787,0.30446807,0.33029595,0.28867638,0.30591372,0.2894621,0.29507783,0.24898511,0.23575465,0.27322745,0.26971063,0.312435,0.27371058,0.23183264,0.27303597,0.31346008,0.26950562,0.25771964,0.29398683,0.26256037,0.21410958,0.21957842,0.28235742,0.36950514,0.41484755,0.3783096,0.32793272,0.2775817,0.21655108,0.18240176,0.23133788,0.26221445,0.30797166,0.20532988,0.2147741,0.21998417,0.2796021,0.19988637,0.2773629,0.24297357,0.25073776,0.21330926,0.33204377,0.2328258,0.30886972,0.30201057,0.13065843,0.16492862,0.25717807,0.2654796,0.26259315,0.25194618,0.2969963,0.27183124,0.29838976,0.21539162,0.21894272,0.218531,0.20385294,0.17275944,0.23524325,0.23550145,0.18294704,0.22037952,0.21929343,0.17791034,0.2014601,0.24031942,0.14895496,0.30414227,0.18466334,0.27653965,0.27750856,0.31587815,0.30383593,0.30081803,0.26623818,0.2763437,0.25637034,0.26537538,0.24646592,0.29637867,0.28870496,0.25715312,0.25185478,0.18531191,0.23099698,0.15122275,0.19504243,0.20127681,0.28356346,0.18094985,0.21507405,0.20120671,0.15369008,0.23535101,0.25915226
donating,0.27264056,0.2931442,0.27392405,0.2872257,0.23956528,0.27160963,0.282369,0.28582868,0.2146224,0.20920467,0.2435749,0.24059026,0.28701234,0.2604022,0.23275791,0.2650635,0.29493934,0.2590795,0.20446573,0.2957973,0.24090263,0.17626508,0.16220038,0.25446153,0.3379894,0.38130787,0.32916486,0.2526852,0.24047944,0.20330097,0.1591094,0.18776987,0.30081913,0.26301503,0.15794781,0.25282168,0.2158832,0.24056578,0.19355294,0.26711822,0.23258698,0.25583628,0.20478916,0.25763905,0.22876312,0.29501313,0.32580104,0.030579466,0.123559855,0.26397294,0.25034547,0.2774605,0.23992601,0.25182724,0.27766845,0.26668715,0.20602281,0.18918917,0.18073744,0.21728145,0.13770157,0.17357257,0.19548394,0.12328959,0.1858352,0.18700242,0.1837747,0.17017247,0.2160623,0.12858914,0.28733352,0.15618438,0.22011219,0.23905228,0.31156892,0.25937483,0.22741765,0.26643392,0.24229826,0.23727094,0.25567892,0.21797988,0.23345502,0.22502118,0.26290992,0.24749087,0.20864962,0.22828859,0.18258719,0.18046832,0.1965361,0.2331017,0.21619776,0.23164308,0.18379828,0.18791313,0.25416744,0.22769271
donated,0.30315194,0.31168413,0.3196968,0.33184034,0.30563757,0.32414746,0.32109305,0.31525296,0.26146033,0.2508172,0.2692544,0.28280863,0.33339986,0.31891418,0.211911,0.21471691,0.29183322,0.25648165,0.2163402,0.3253141,0.21901649,0.1958269,0.17672953,0.27466297,0.30145314,0.35987023,0.32827604,0.21506158,0.290272,0.19709073,0.17746931,0.24918227,0.24504542,0.2726087,0.17102768,0.21193488,0.19746682,0.19642206,0.16605002,0.21469437,0.24078222,0.2830285,0.18687364,0.28147793,0.22442682,0.40284285,0.3794274,0.04561432,0.1433266,0.32442254,0.29857838,0.29625863,0.24886942,0.27377003,0.28601047,0.27298504,0.14003842,0.16254,0.17872696,0.21237268,0.157105,0.18137614,0.20049521,0.13150747,0.16697031,0.23730487,0.16350175,0.17258203,0.19615644,0.11377132,0.30208996,0.18536425,0.2395133,0.27823985,0.34535345,0.31223762,0.2648759,0.3069769,0.26978278,0.26459116,0.3029593,0.23040283,0.27250475,0.25896254,0.24154095,0.27134284,0.24084888,0.25154763,0.16908528,0.16990907,0.22385697,0.25762063,0.20771769,0.2362536,0.22946246,0.16940086,0.2611684,0.22647841
aid,0.32470575,0.31651446,0.37179646,0.37683913,0.30069783,0.28964785,0.3469107,0.3295883,0.35978076,0.34561697,0.29345554,0.30651233,0.33016956,0.31161445,0.38998926,0.43866205,0.43224266,0.37602806,0.4105095,0.39735466,0.31121007,0.30517405,0.33898854,0.4398565,0.41170305,0.4250699,0.36037964,0.31747013,0.3986893,0.31083304,0.3500196,0.33578652,0.3993746,0.38828197,0.3087503,0.42429718,0.3745278,0.3930574,0.42352346,0.3380153,0.3959008,0.2982881,0.30942735,0.38847786,0.29224983,0.41318637,0.38274106,0.042831484,0.17539822,0.38329944,0.33949578,0.35970026,0.2987015,0.2858577,0.341464,0.34667364,0.44222865,0.3504706,0.28977168,0.31204256,0.3161525,0.30557418,0.3257905,0.28644857,0.31415826,0.36931428,0.39392292,0.23202588,0.35981834,0.25643817,0.40653005,0.3467478,0.3420252,0.33947763,0.29376668,0.2957501,0.3152922,0.34322488,0.24092634,0.34550643,0.3777845,0.33776125,0.33091187,0.3090438,0.39523154,0.3865948,0.3025587,0.33946955,0.29690453,0.30730897,0.3230881,0.34423217,0.3454398,0.29812536,0.31860086,0.3237206,0.28894782,0.31396407
aiding,0.29839566,0.3023544,0.34741133,0.3385603,0.24704677,0.25008824,0.32505956,0.31388187,0.31116965,0.26028055,0.25573853,0.26517105,0.2907278,0.278665,0.3222652,0.45398873,0.42546618,0.33730188,0.35157892,0.417428,0.3060166,0.3298359,0.3243467,0.38934478,0.3714912,0.43186644,0.34233233,0.3413238,0.35736662,0.282587,0.35895246,0.2806339,0.35725823,0.30118307,0.3326814,0.4389906,0.388451,0.41182578,0.45571807,0.34172773,0.39414454,0.3365691,0.24937148,0.30606493,0.34765568,0.4109671,0.4190687,0.07235957,0.17757553,0.39553502,0.31863773,0.4055378,0.3154973,0.27152812,0.32357347,0.2993138,0.48879793,0.37952378,0.28493017,0.3649568,0.32156518,0.3037471,0.3276484,0.2840298,0.38240844,0.36050636,0.41225994,0.28140637,0.3532416,0.26723033,0.3530673,0.26877975,0.2915132,0.24739489,0.24964233,0.1861532,0.2769829,0.24700058,0.18710345,0.22982082,0.2723699,0.25907853,0.27857858,0.22252238,0.36245838,0.33414042,0.20141597,0.26848426,0.24937019,0.24250416,0.2882422,0.27502206,0.26291704,0.25304386,0.26089403,0.33401617,0.28822988,0.300158
aided,0.36306223,0.3480401,0.40117764,0.3702206,0.32176456,0.3111525,0.39821187,0.35390204,0.3699763,0.31502387,0.31777626,0.33883545,0.34170187,0.32919988,0.39478615,0.42059696,0.4167341,0.40383154,0.40240481,0.45912796,0.27831396,0.3148191,0.41552392,0.40737677,0.39669883,0.43306255,0.36415675,0.31459758,0.37367737,0.29520032,0.37303105,0.2953959,0.34196362,0.3431851,0.30264717,0.44404635,0.37636766,0.40699103,0.4389056,0.32932812,0.39755607,0.31837296,0.22593948,0.30804706,0.33077845,0.54173404,0.46897984,0.03657595,0.13930762,0.4199254,0.3571492,0.38296458,0.28759757,0.30218288,0.3027884,0.27496266,0.4127203,0.32300913,0.26434788,0.30643505,0.27440965,0.26777375,0.30831113,0.2429703,0.3265926,0.367485,0.33698675,0.26069322,0.32020387,0.22647265,0.3130879,0.29777142,0.2781136,0.2632841,0.24561758,0.20486343,0.27026334,0.23148087,0.172979,0.25191987,0.27560052,0.24909163,0.27642778,0.21238746,0.33601257,0.292372,0.1854136,0.22375317,0.19790109,0.21581486,0.25990704,0.25000134,0.22688687,0.22776136,0.25428694,0.31079307,0.22294214,0.23152526
empathy,0.2771815,0.25904265,0.33010396,0.3337931,0.28429016,0.25874358,0.3104807,0.28840575,0.29541928,0.28940988,0.2571307,0.25653297,0.3333848,0.31381494,0.34449685,0.2818106,0.32089812,0.3408802,0.3433881,0.26413503,0.2494183,0.25724924,0.33752266,0.30530867,0.3121689,0.3160906,0.19958898,0.2423499,0.20408471,0.23339899,0.21997054,0.25463742,0.36870265,0.23820615,0.21600138,0.37586874,0.22803515,0.2746148,0.29029527,0.22278938,0.21451683,0.20514248,0.25633103,0.3080388,0.27718177,0.26169258,0.26830283,0.08459753,0.14854135,0.21045902,0.26147407,0.27818847,0.23714028,0.29014418,0.23827764,0.20991543,0.32673255,0.30359098,0.23818271,0.1849709,0.32620323,0.19181088,0.25912306,0.2694906,0.29368782,0.30268735,0.35086942,0.20578855,0.3180001,0.26060855,0.36240047,0.31887296,0.2349166,0.2825621,0.28837222,0.20084041,0.2843142,0.2646109,0.24742915,0.27343157,0.2536228,0.26512074,0.28657588,0.24534523,0.4263581,0.2580265,0.18507469,0.2058863,0.25145128,0.18775176,0.21889168,0.19299354,0.26271564,0.15946114,0.19126068,0.21358068,0.2354346,0.22805779
empathetic,0.30100676,0.2770645,0.3554907,0.3761136,0.28628165,0.27164236,0.34037843,0.33489975,0.33318672,0.3324786,0.28034645,0.25935587,0.36165318,0.31451342,0.38763273,0.3863667,0.4067094,0.42353544,0.41813344,0.43368918,0.33206248,0.3387943,0.47203878,0.41009095,0.33810458,0.3992079,0.25536147,0.34679222,0.26291734,0.32818967,0.25965145,0.28239545,0.4966799,0.2865128,0.31786653,0.39167613,0.2801893,0.34807172,0.4016389,0.2710485,0.25677574,0.2825581,0.27219307,0.32977754,0.28168452,0.36896852,0.36486062,0.116135396,0.22657019,0.272538,0.3752982,0.37140438,0.29604635,0.35924336,0.31126308,0.28626707,0.35085884,0.3711003,0.28747436,0.29780385,0.31139034,0.19698136,0.2829928,0.31150982,0.31012657,0.3024014,0.4305736,0.2818873,0.30958417,0.29300147,0.42380622,0.322678,0.26977926,0.30507442,0.29681817,0.23129912,0.30895358,0.24236235,0.2584532,0.26688027,0.28484732,0.28010532,0.29894796,0.22523803,0.47837707,0.2961221,0.18637264,0.24386856,0.2389848,0.1955962,0.19873926,0.22347984,0.25001577,0.16531688,0.19731684,0.20088269,0.27815157,0.23478496
empathizing,0.33350158,0.30221367,0.3810262,0.3875107,0.28444302,0.2677215,0.34832975,0.32948002,0.32648242,0.31340092,0.27918214,0.28260046,0.34018028,0.29199827,0.3901146,0.31875214,0.38853464,0.35627553,0.38736054,0.37622985,0.3163821,0.29323554,0.3516931,0.35109046,0.31898707,0.33475813,0.23451358,0.30517796,0.2936994,0.29790923,0.33241528,0.24480325,0.4309704,0.23951332,0.3166518,0.41460252,0.32571742,0.37375918,0.4101378,0.3051553,0.30921414,0.28061455,0.2773022,0.3266532,0.38713756,0.3583806,0.38487473,0.07709105,0.22882074,0.31440434,0.3009882,0.37145793,0.28112102,0.35424632,0.3183206,0.29123423,0.4276945,0.35508522,0.27036119,0.33842352,0.340119,0.2694075,0.309138,0.30854058,0.3674973,0.32634673,0.34991807,0.27977434,0.31344697,0.28190687,0.36991474,0.3615085,0.26182932,0.31012693,0.3094849,0.19358584,0.2983858,0.23636149,0.22448196,0.2627349,0.2830275,0.29344907,0.3269528,0.23541869,0.3903453,0.29101428,0.16677712,0.25566527,0.23518142,0.18816587,0.23194483,0.23894636,0.2579674,0.20773949,0.17331462,0.261509,0.23659588,0.24609858
empathizes,0.42076388,0.39894587,0.46727008,0.47090515,0.38270098,0.37083495,0.42139363,0.38422188,0.3964129,0.36699674,0.3592372,0.34483826,0.4334611,0.4007551,0.39371425,0.3729968,0.500769,0.40713078,0.43949184,0.46952567,0.33650535,0.34373698,0.43638572,0.4166576,0.3986028,0.4352614,0.3616809,0.3812563,0.37454978,0.3726283,0.3601192,0.31421927,0.4538915,0.3351517,0.33303133,0.44159707,0.33365023,0.42352793,0.4172119,0.33120093,0.35315514,0.33924505,0.2734848,0.38242146,0.42575642,0.44995838,0.44017893,0.039636444,0.24563456,0.40016603,0.37426674,0.41861665,0.29549372,0.42955178,0.3549046,0.29968974,0.4380631,0.39524046,0.30993772,0.35271034,0.38847598,0.30817255,0.33057007,0.3354361,0.3981968,0.42334178,0.41226962,0.3280702,0.39677212,0.31120214,0.3748244,0.30201542,0.32133886,0.30553043,0.32221,0.23978275,0.3540546,0.3298516,0.25156757,0.29204437,0.4012888,0.324163,0.3400906,0.26103762,0.45921603,0.32958314,0.22279555,0.3224175,0.2342772,0.20300816,0.2776193,0.26911482,0.28556013,0.24772915,0.26259646,0.3033627,0.25616774,0.28455052
sympathy,0.3732154,0.34738034,0.3960621,0.39404112,0.319599,0.32281983,0.3984809,0.36532214,0.39583802,0.3993316,0.35363954,0.33312264,0.36421174,0.33154076,0.46311277,0.35187903,0.3712006,0.39455396,0.36147588,0.3753275,0.32315224,0.39556432,0.36935067,0.33498758,0.29795325,0.4534311,0.30201763,0.3071176,0.3444779,0.34029534,0.28090942,0.26150838,0.4413557,0.33243817,0.30173418,0.5567211,0.32572842,0.3786294,0.3741042,0.2885026,0.25700536,0.29227337,0.26967618,0.37511718,0.32855594,0.32405567,0.27949813,0.077398665,0.17586234,0.34013304,0.32297277,0.32619238,0.2893912,0.35226598,0.26908386,0.3108922,0.41475865,0.33338466,0.28235808,0.24023877,0.39228666,0.26140904,0.30446315,0.3491403,0.39221194,0.37247828,0.3709236,0.22223648,0.35246125,0.33227703,0.36505976,0.30246082,0.26930052,0.2551496,0.2792592,0.22725704,0.28957647,0.2766789,0.2459644,0.26660275,0.330729,0.27652428,0.27569896,0.28806326,0.4531589,0.2411912,0.18493058,0.24238954,0.27649942,0.16713698,0.22125496,0.21119112,0.31592906,0.17615399,0.1824458,0.26933306,0.29572427,0.21140486
sympathetic,0.3663564,0.35583112,0.40730068,0.40907228,0.3134486,0.33744854,0.38326773,0.37614378,0.41903076,0.39353135,0.35679507,0.3423475,0.39078596,0.35893536,0.4563439,0.43964192,0.4851356,0.4671062,0.45608094,0.5122404,0.36776915,0.43493092,0.5098602,0.4386022,0.38434267,0.53198755,0.3705237,0.4095473,0.3810202,0.41867793,0.32186493,0.3480764,0.52672553,0.3763639,0.412686,0.5589609,0.39409292,0.44942915,0.49145305,0.33574438,0.3322147,0.36764827,0.32843322,0.35506245,0.33589578,0.43275526,0.38312814,0.12736633,0.24837372,0.38475654,0.4353866,0.42695454,0.35653898,0.37447396,0.3923422,0.34412226,0.42798495,0.44992793,0.41256928,0.33810937,0.35576957,0.28563702,0.35895222,0.39745903,0.41499716,0.39173034,0.46721852,0.30702993,0.34051132,0.36587036,0.41567755,0.31644675,0.30450368,0.29897857,0.32218096,0.25499701,0.30841053,0.2935659,0.27800676,0.28484932,0.34817615,0.33351466,0.32478172,0.26392925,0.49109378,0.30544,0.21707669,0.25187287,0.2321276,0.19431323,0.246836,0.2538975,0.2912788,0.18950573,0.22971712,0.25290877,0.28832197,0.22893542
sympathizing,0.36347115,0.3485803,0.40546313,0.41011155,0.2822593,0.29588717,0.41932443,0.39943618,0.40949062,0.39295453,0.33196574,0.32236546,0.36241433,0.32330745,0.46692708,0.4216274,0.4685676,0.4384035,0.3956449,0.50443095,0.3867475,0.46411186,0.4264155,0.3875099,0.334922,0.50487834,0.40136683,0.40037295,0.440772,0.39774808,0.3454721,0.28109887,0.4604195,0.31125042,0.4293833,0.5569549,0.41061765,0.46421912,0.46324855,0.35586977,0.36845934,0.37772053,0.32455665,0.3816835,0.38927728,0.39574292,0.35412002,0.15422451,0.26582357,0.38555834,0.36130306,0.37074798,0.34135166,0.36659878,0.34702143,0.37682298,0.51051,0.37255505,0.333559,0.39512575,0.3784637,0.36014727,0.4050198,0.41805974,0.5013518,0.39627448,0.40434936,0.3526239,0.37741357,0.39428467,0.35132235,0.30494502,0.27858144,0.2722031,0.25190568,0.18140921,0.2809876,0.22231238,0.20664535,0.22475202,0.28652933,0.28487045,0.2956088,0.2421136,0.3740759,0.2791201,0.18143958,0.2443486,0.21789406,0.15269051,0.25002557,0.2351137,0.27925408,0.1818539,0.15852778,0.27912667,0.26019037,0.22163609
sympathizes,0.4066299,0.38818473,0.44754335,0.43653798,0.3640179,0.3664957,0.42956722,0.3790534,0.40929478,0.3654426,0.36580592,0.35506392,0.38514942,0.37079456,0.41143703,0.3938569,0.49911723,0.4215352,0.40591404,0.4873725,0.3680291,0.39057893,0.42204636,0.37753102,0.375265,0.511552,0.40258268,0.41775325,0.40361878,0.37762043,0.37264606,0.31744933,0.44250926,0.3556042,0.34285405,0.5011824,0.37195894,0.44430616,0.4295103,0.33183154,0.38484353,0.39176756,0.28514934,0.37806186,0.41533464,0.44710007,0.372819,0.08473754,0.22990984,0.40886444,0.358534,0.3727983,0.28657356,0.38233605,0.32033655,0.31088108,0.4528256,0.38897142,0.32993442,0.3463929,0.38372946,0.3636663,0.36073574,0.37817,0.4315649,0.40637136,0.3847378,0.32223397,0.40063336,0.3314936,0.31575423,0.2668764,0.29888386,0.28223485,0.25518537,0.22579192,0.3269327,0.2774751,0.21859948,0.28152147,0.3831404,0.30165195,0.29722086,0.2829453,0.40733284,0.2995428,0.20219763,0.2701138,0.19370773,0.17990698,0.25421113,0.25462005,0.25047007,0.21693982,0.23166539,0.2777068,0.23239343,0.25960484
compassion,0.29698035,0.27866945,0.32983056,0.35063216,0.26612386,0.25081038,0.3356104,0.30913246,0.2875971,0.2675836,0.2279507,0.206552,0.31191865,0.28380942,0.24336433,0.25885695,0.27798748,0.29076257,0.30117947,0.27843657,0.273217,0.29076874,0.28310543,0.33845368,0.27167484,0.294326,0.18217568,0.23834875,0.2042174,0.20992719,0.16186215,0.17879573,0.3479078,0.22461332,0.24599926,0.4037614,0.18692558,0.2527137,0.27081504,0.17504828,0.21264108,0.17770226,0.18749565,0.35835108,0.24784723,0.28529376,0.25088426,0.056519635,0.13196279,0.21524844,0.27996552,0.3041948,0.21738328,0.3035551,0.23646757,0.24575737,0.32481274,0.24180539,0.23485918,0.12595606,0.27509364,0.15458828,0.26094112,0.3045908,0.29576623,0.26343617,0.3298833,0.16603507,0.27067274,0.28849816,0.3627985,0.26586387,0.20191373,0.29057914,0.25227016,0.240576,0.26784512,0.24758297,0.2369957,0.24230582,0.32329527,0.23651496,0.25670063,0.3114114,0.44830602,0.29026374,0.19225448,0.23878956,0.3092888,0.18362801,0.21531034,0.2605232,0.32381454,0.16987357,0.21180046,0.25344023,0.3631881,0.28482747
compassionate,0.33474487,0.30472785,0.36561355,0.3895092,0.2656071,0.27070522,0.34098932,0.34566215,0.32186553,0.3264026,0.25834927,0.24341446,0.3605395,0.3234319,0.3107707,0.3706565,0.3608334,0.35592136,0.37363335,0.41566747,0.30993798,0.36746043,0.427519,0.43809327,0.33488938,0.41508707,0.26404116,0.35409367,0.25519857,0.31373578,0.2210389,0.23775145,0.4364462,0.300849,0.34260085,0.40147385,0.24477921,0.33025205,0.3800907,0.2566696,0.2528837,0.28696883,0.23574044,0.36792165,0.2256299,0.35382083,0.34903595,0.11606864,0.20210697,0.28705615,0.35024026,0.38911268,0.28184244,0.36407351,0.29069847,0.32948878,0.34180343,0.3327619,0.30245355,0.25493807,0.3050065,0.17814557,0.2946278,0.34969035,0.3438575,0.32163978,0.4256532,0.26242277,0.29780635,0.33078855,0.4169437,0.27511013,0.26152977,0.29233807,0.28483093,0.24088189,0.29372647,0.2620434,0.26134574,0.2837306,0.30584654,0.26732612,0.27073795,0.2991657,0.4777482,0.32088122,0.19267142,0.25055212,0.26867843,0.1958908,0.18945087,0.26404908,0.29276118,0.19565657,0.21537971,0.2233057,0.3383391,0.26349348
