eng-all_sgns,husband,wife,father,mother,son,daughter,brother,sister,uncle,aunt,niece,nephew,grandmother,grandfather,acquaintance,ally,associate,colleague,confidant,companion,counterpart,fellow,follower,member,neighbour,partner,patriot,supporter,arab,beggar,blacks,chinese,crippled,disabled,elderly,indian,jew,mexican,native,pauper,unemployed,woman,adversary,competitor,emigrant,foreigner,intruder,invader,occupier,opponent,opposition,rival,settler,stranger,visitor,vagrant,convict,criminal,crook,delinquent,deserter,enemy,felon,murderer,offender,robber,scoundrel,thief,traitor,villain,animal,ape,bear,bird,chicken,cow,dog,elephant,fish,lion,monkey,pig,shark,snake,beach,coast,earth,forest,island,lake,mountain,nature,ocean,planet,reef,river,sea,tree
1830,0.12079096320363798,0.11313775709467291,0.02911974636095928,0.09676855025894851,-0.04652202102196088,0.03289708840687183,-0.06161985079360594,0.0656908838531288,0.006245026345271406,0.149170577316808,0.14786171832231687,-0.013930355726602306,0.0816536003048747,-0.0022093841041599983,0.16268024204190162,0.05251547734701415,0.09842054548270424,0.024361996140559256,0.17948051824771732,0.17984642776883394,0.03626502818349725,0.11338007895728888,0.03698535940634229,-0.10035203730575991,0.09953136577764456,0.054867482497552175,0.2320253212967281,0.04934080283335202,0.07733763328090808,0.04724980570057004,-0.0022276838583405304,-0.07593894587539621,-0.0018451596859594126,-0.08705254942024583,-0.002133307538998401,-0.10254475019690563,-0.0018188807360792342,-0.08424430649066661,0.03352778156371738,0.08520895457229055,-0.007761120385905718,0.1577285208843112,-0.013568529663040767,0.056652556561003674,-0.11723495810502851,-0.038932708269888684,0.20786833303337685,-0.014177400871837048,-0.03979664233977088,-0.08833202928750097,-0.022528437357036687,0.11089686162650124,-0.060550435966910635,0.11308775957493951,0.11929966974144945,0.13113779546743978,-0.10504319326223914,-0.009925155988415903,0.020408745178509668,0.07781609059652315,-0.022912616958069218,-0.11807889620213818,-0.029023099981355546,0.03053725341037682,-0.012575070884346,-0.005410671169168457,-0.0098158255283575,-0.047022663218516225,-0.05943275949175386,0.12877031740780562,0.031160628810659386,0.11004989041892706,0.04263717572956881,0.05770745368054201,0.05240768253767648,-0.018387531425440962,0.06669573981910644,-0.04004892097619671,-0.014317164497731547,0.030180323096718607,0.05741864926791542,-0.0608884937523666,-0.05757101109779591,-0.04189246993735938,-0.06358079793480631,-0.2637144514470827,0.03580250044885187,0.004849783552591195,-0.19212148407765872,-0.10033252052741536,-0.03309970540592834,0.1313737406397152,0.014689948676618415,-0.04644848614681219,-0.08746354237291985,-0.23265281194318413,-0.053261748744534966,-0.02255765612862244
1840,0.08360737683556194,0.031870827001864235,0.10362002882509515,0.02092706769686435,-0.07476171519865756,0.025275868975458405,-0.09251011375444357,0.03535752799435493,0.03889335926163998,0.1840759919348268,0.11613403866073181,-0.06278915340230977,0.085628443270432,0.08469063749348141,0.12654269023890308,0.09652337577906758,0.10329158554559639,-0.02153445731257677,0.17759320873795936,0.19546908233034532,0.04382393276456069,0.17470618741986177,0.07171625295870525,-0.06211846945616665,0.08947418541455558,0.11808159939744411,0.16343496887801326,0.07377360980558322,0.02889736913974388,0.030520401634736325,0.01606475523450379,-0.10689859877377776,0.0016516709009173748,-0.11270259053667263,0.04184068858080353,-0.09297928902684749,0.014965050797854774,-0.11907292715041458,-0.009084777208096499,-0.016027448131604755,0.04959254359472467,0.15899656814432864,-0.04309268327433448,-0.06250372651271431,-0.03161902543448599,0.04209988661384307,0.1320234028281039,0.002279156607057743,-0.0858761037711649,-0.03586575226070319,0.008317107120427113,0.04556148366515685,-0.07615985309417285,0.15154203636467697,0.1203897518518896,0.18909351557508597,-0.05880403859123756,0.00421973164623867,-0.08879353566931297,0.04085457150386007,-0.09385221592667425,-0.07592285988616854,-0.03197005388768877,-0.028697706806899894,0.01237301496407402,0.014880163738030461,0.06566620462478515,-0.008730155798609907,0.010171313995311512,0.05952069807423129,0.005561219248940726,0.17914876403607052,0.05652170077514246,0.07781721336891541,0.041796971249308076,-0.049225545191881735,0.06854058700997727,-0.03764545352862928,-0.024457861195484563,0.0025812494957715916,0.04761521721829487,-0.016890988667216236,-0.032504512283631916,-0.06840717491345322,-0.05629722176253824,-0.2382444778422498,0.0008168745606914462,0.029502259026322093,-0.19071862435725093,-0.06409760406623091,-0.08176233849538293,0.11833196106285906,-0.03548024025975237,-0.009513345669788651,-0.13989701962080084,-0.15087542297286605,-0.04383426939038721,-0.04023003911681904
1850,0.1680383132821857,0.06134843531553202,0.08728673087248096,0.10461463652553632,-0.08072061345433183,0.020820855219599133,-0.027443850167629482,0.10447957217917031,0.035528893522702394,0.1448776757248525,0.12360953886534941,-0.041390582470188265,0.04036570525805581,0.03498308516658864,0.09773237952078588,0.057366880448223065,0.02225206818651428,-0.06351748422977875,0.10060313791539327,0.21160223682854787,0.04302075602613215,0.13730854078270066,0.08921546511586845,-0.09734905776636675,0.11603015010612266,0.15319182627915368,0.15537269310018978,0.09108196946820256,0.0238655389250294,0.1201759670911394,0.06026645082771947,-0.08371503182958144,-0.035286892951903286,-0.08228367798066566,0.04870988002089128,-0.08921654134037911,0.014541551077542946,-0.12600842699373016,0.033616831733726815,-0.01659909416188426,0.08726813559873822,0.16014294859222888,-0.011847414010781895,-0.009400139644960835,-0.01705352443747463,0.040955455763814735,0.15830926713290427,-0.08032775929043867,-0.07076562848299164,-0.06470676818127709,0.01090741860596641,0.07982252134081527,0.02592804739888086,0.18753098188932196,0.1151899992933711,0.1497470765653371,-0.08597945967708029,-0.022717307371334493,0.08308558828940349,0.013997493896058248,-0.1219809131614321,-0.1050323410768703,-0.03874054158531271,-0.00815128129535551,-0.06237132908038027,-0.022769585091896773,0.055780137042289235,0.05310655550939773,0.0016786451826011246,0.15923830652602394,-0.00216115206928129,0.08244115720735999,-0.00888689609144165,0.01661434548814581,0.04226972580432306,0.01973769904170574,0.06520206914962776,-0.06209994314622248,-0.08111094131462368,0.031666708268979535,0.07904421350343684,0.0403871127256348,-0.039501357513168016,-0.08300443599279966,-0.0495154572619,-0.22234834844004606,-0.009514327838485853,0.015520243374598721,-0.10280630670579377,-0.07685530571153668,-0.055798745117743194,0.09681934119751104,-0.003627799217515607,-0.015082584733761777,-0.12072316529167648,-0.2093611904367227,-0.0793341664129938,-0.06231232377048779
1860,0.11200736882060293,0.08922732246709493,0.08985272366184571,0.09218497944295061,-0.029928606339782077,0.048584990712354746,-0.06624891000391514,0.03491795606265955,0.10998838710826518,0.1381901698942691,0.16416637426510464,-0.07632873358894098,0.035842788658412596,0.02146328607212891,0.12421665941583127,0.06780848543171475,0.0685777811636945,-0.025121955848977143,0.13702536862144302,0.18449845896999495,0.030658249888197462,0.14117600281734574,0.11595125513248344,-0.06656197485011292,0.11070643187716483,0.07334955148123888,0.16146122693939172,0.10356716580451038,0.04330280967599342,0.1338826251232302,0.07698946013273335,-0.1323944701613012,-0.03640927748488815,-0.08498671760340182,0.01919129891498221,-0.024649807136374144,-0.02819702723192908,-0.12778291475790862,-0.007583262494290778,-0.0018245831847228638,-0.0032753178828188612,0.1677847135263222,-0.05339504782383338,-0.043671852416827917,-0.06933088712182636,0.04291284209587363,0.10852598778017067,0.04209720574515239,-0.0709041109624989,-0.027787477088949804,-0.011806500861234352,0.07852763548464646,-0.0222956510073653,0.13917172796334154,0.17381191283828787,0.12164575287254276,-0.08059126066457321,-0.007615371763331896,-0.031821855965594004,-0.030188293066769574,-0.06593196704005554,-0.054555987771598154,0.010302367129323954,0.018651182986813564,0.008880465864852602,0.03441925593818458,0.022778654185338077,0.06012207972274442,0.06750678019979552,0.11162342886887403,0.008436036438892536,0.04313132603837577,0.012411338269854274,0.010469289570047426,NA,-0.0386579766052352,0.09463748460980034,-0.04862738677577275,-0.029557197524773773,0.08240345514635752,0.0999100590194722,0.042566806182937386,-0.02494622402455286,-0.0406171542209924,-0.10434655416065419,-0.18809341050971626,-0.043672181595524724,0.062407183803226386,-0.1774186182421551,-0.04234007078136082,-0.02615193027920407,0.12727084897679897,0.010006902338703468,-0.050135468023135676,-0.1634131324918758,-0.18077077877412898,-0.04445490882339739,-0.06418937556202092
1870,0.07411138551314711,0.11178168623324515,0.05745817977016427,0.08858603221739023,-0.04062069156399114,0.023319063527040385,-0.03883186327646758,0.062275722699007635,0.05100020292647304,0.12767083979843324,0.11042990323781679,-0.04529443094137469,0.046672469252974885,0.049594219897565066,0.15096504479524836,0.10361183208910185,0.08141803524834115,-0.026742550543291756,0.12364593618430604,0.2177094796950749,-0.011627902648843358,0.1643237021015992,0.045247887389910244,-0.14201476583452677,0.08144003713912736,0.11133803306651338,0.1777869878012388,0.09485090581577182,0.00017950873753448625,0.13652129853043635,0.06654357478115777,-0.08812037963669708,-0.04294458514353263,-0.07177592916989411,0.06374185753046886,-0.05394354352592814,0.010977268253094656,-0.11402498025471924,0.003896375726781789,-0.0035922191295319223,0.10450656404408999,0.16118963961545346,-0.005560984923805526,-0.012619248595885925,-0.044039759598198565,0.054963637579968375,0.09413969095686127,0.012162175314746962,-0.13714452747779102,0.004523291857317085,0.025820053229588982,0.09185032154442989,-0.003056298128586574,0.17392859580502903,0.09999152688759412,0.11228491731008423,-0.0898851474246007,-0.054146505516968785,0.032816286957092614,-0.02925738454453955,-0.11911720526125706,-0.04416201064848675,-0.03599211167878771,-0.039414420400681646,-0.025051838692532063,-0.023151046869234988,0.0643883123722048,0.013329859123224154,0.05274396658699968,0.1927852384272871,-0.015561808146908336,-0.04246687365705733,-0.04183459458622655,0.08430949274512904,0.0258924833608513,-0.05581583175931754,0.059778100566456535,-0.051439049805842144,-0.07626517400104339,0.04617098789792207,0.03118950148161639,0.03135090214293785,-0.11511724203335055,-0.012929944760821824,-0.0532076080708915,-0.17191301580394935,-0.030377786066219117,0.045520518915773876,-0.13562105769362773,-0.06045896636400858,-0.06508294249411917,0.09960643934875292,-0.03479489598389095,-0.05556742324968064,-0.08210751723703436,-0.18391492549852304,-0.06278209852555741,-0.0543176155218498
1880,0.1887266794083351,0.06562377227819192,0.14438922329579593,0.11969875045598673,-0.011524110881189983,0.09554247781857236,0.03128701202043599,0.10154510942626965,0.1151565111091693,0.10280357224778394,0.15782665233354623,-0.013347734583526288,0.06638033073231174,0.06605815209277893,0.1675859848676052,0.0012312303337841592,0.09724555611248352,-0.02907095020169963,0.20661382612254617,0.21424442445816186,0.12625773359664813,0.15572340163983853,0.03501099094395875,-0.09722339238965665,0.08232242855468155,0.08152508962268906,0.15250723311515715,0.0453209258870378,0.01789648962320539,0.1182811687613094,-0.010434720032030347,-0.07363957674653726,-0.05905616544989025,-0.027671377438587105,0.08770705445098477,-0.03511572631294228,0.030675968505955012,-0.15200765491583704,0.01987812616379799,-0.05461780674993981,0.04143963119354591,0.20978867938233514,0.020880489711132676,-0.008392177238595625,-0.03003133891576245,0.08553345712575006,0.08727500459329572,-0.08883075710496166,-0.04538304473704241,-0.0004855777861745339,-0.016104809415712212,0.026654636079575047,-0.024337758326196904,0.20218039214404124,0.0948060301606497,0.15308313716664307,-0.07738998614630441,-0.041014712311243935,-0.05872961513614938,-0.013516692537440787,-0.07010409255768837,-0.06892506702012188,-0.02275660954619375,0.021526964829278007,-0.030006211677887456,-0.008812645822654811,0.018069141179802642,0.05479714206826718,-0.00523622796155867,0.1166567918310038,-0.0020644499035703274,-0.014927142235566997,0.06204840069214594,0.04789484507469553,0.018604368975267203,-0.013566840083095869,0.07016259552584357,-0.08477536376477149,-0.0734399062685325,0.03742703990225848,0.01118117146065773,-0.03906395916828641,-0.07771433985126207,0.009987574823326751,-0.0636676277606655,-0.19042176441684264,0.016043861124458818,0.008911374300337511,-0.10091566806547177,-0.05133447281207356,-0.006566043291270162,0.18953067439574034,0.039148834587394744,-0.020128935030567233,-0.11694904442147538,-0.11062895106813399,-0.023110778137253114,0.0011364467848959784
1890,0.13952055898044088,0.08811003973051837,0.03913377531205055,0.11464413376370934,-0.02284480951611407,0.08197162239789768,0.03754559691684802,0.17403476954725342,0.10101058548203715,0.10617409772487742,0.16924942908497484,-0.02154640687876276,0.07666918288039759,-0.01280058827177896,0.12601597461237785,0.05044942106739295,0.0544810741956032,-0.01644521328997472,0.1448633166833418,0.20532061349073746,0.05833128426418227,0.15808670022588617,0.06707552037067571,-0.13505242703986628,0.11096412893029868,0.11036227413686098,0.17856932593466354,0.02190645355526856,0.017514392381558646,0.12503674990902144,0.008237814708871333,-0.12174338628591164,-0.005309912775745146,-0.015716221708294217,0.08887807195177937,-0.11509309153270704,-0.023281550880736256,-0.09242696060323959,0.028064078521099007,0.005518481447017504,0.027661408619323324,0.19436964007714522,0.10034776397516461,0.023562453910358258,-0.033058300421488926,0.07110245734742746,0.10041121996420048,-0.05427779571817339,-0.06255955584466381,-0.04453911221815423,-0.05268022082143506,0.07963560017665461,-0.015475273175044709,0.15088900248584264,0.11479848840121354,0.13197177306384475,-0.06310218105232379,-0.045301872641341646,0.005727369160813909,-0.03881801837385733,-0.05805308474053881,-0.059534657655916416,-0.039372766240413186,0.06614532386168101,-0.01119282130370092,0.052626561481693854,0.06930545482184629,0.049663662479979734,0.08092210585630599,0.15524834178307564,-0.04994374870482977,-0.00345702991212862,0.020167445856147197,0.08393377597849104,0.07355317484342981,0.02430022867907463,0.09592151892428478,-0.049742471768303036,-0.032268532802466166,0.07204871150011555,0.08992595391203845,-0.042937692948817226,0.04886475191406928,0.0074212522341350765,-0.010647823957917678,-0.17263523887917012,0.038495655448704376,0.02273267676777177,-0.1550617967203352,-0.05754391580466691,-0.02532093623362079,0.16159171548420934,0.019687792549078067,0.03906299934662784,-0.08959322721606171,-0.19464661842888972,0.0570451545208141,-0.011458396669078122
1900,0.1647602111154098,0.07932193084196863,0.060713595618873906,0.0892664538335073,-0.03385018485607374,0.04785094027328459,0.007936623899238009,0.1319391962009418,0.01941678243891217,0.1451209319279047,0.11050221196790476,-0.035460018411673656,0.059049826269855596,0.0015874110674529943,0.1706807473610038,0.06166799929711373,0.07020493756081454,-0.033970830903808855,0.15892124044540543,0.27330052520852816,0.05684351707824936,0.15187629864568739,0.04738021228109622,-0.1017951901925002,0.10777490137184154,0.10449525668902104,0.18087058099945041,0.004461187915515538,0.03624882863955246,0.0983578741061064,0.03339278383448029,-0.15182770857689948,-0.06314637409314025,0.0008991676241018376,0.10154975058106328,-0.05485754500555258,0.046273360452157575,-0.07179883978676443,0.020422529428002878,-0.011015891275346391,0.06481219670542139,0.20128874000255984,0.03506866641406499,0.01657781106234473,-0.006279155288117355,0.055904510479640915,0.11774795092706526,-0.08783801989854187,-0.14387929340345385,-0.012064865164054776,0.03383000744191597,0.10602223190566236,-0.012765832724559698,0.17250630469709466,0.11419884880988056,0.1551759581579716,-0.15589708615362155,-0.05903850403052941,-0.05574868557538831,-0.016146883024701925,-0.07830498189406812,-0.05467050267736404,0.016080376770165248,0.023101487138198443,-0.003407760583599832,0.08220582469030695,0.07130133507710425,0.09158889669327949,0.04987361339676349,0.16764284562678566,-0.018742129309715663,0.05969507233737885,0.06511447186658435,0.13411037458114572,0.0006081766912700688,-0.022942970228425227,0.07990659507899978,-0.0657058578383716,-0.04911975462019109,0.08263644302955683,0.05658377529728658,0.0015742469754582932,-0.050236800853173204,-0.05486854702052834,-0.030628402583190682,-0.20871037738706635,0.01894668754976175,0.044466791728943654,-0.12676588727314442,-0.07600292497993215,0.004608045850149402,0.1039703137738673,0.040625830605229826,-0.029450103805168056,-0.06292966138930221,-0.15449305675855632,0.03430519033770191,-0.00481430298928092
1910,0.16671949979651027,0.12643947074839137,0.09478548545379643,0.1542734027730948,0.02145027106917245,0.10323320379552442,0.03006453506258286,0.099449980101782,0.08776335079503869,0.19639888849522324,0.19314164620119728,0.06649868999899224,0.1101100873498405,0.06856435199785035,0.1714357278342192,0.07661129902699072,0.018045499159852086,-0.014376644636724006,0.07665878479712057,0.23232505308228965,-0.0020824988221604794,0.13433463110508279,0.08057320272918084,-0.11923229874474264,0.19086938846852447,0.07233877738218006,0.24635929648761998,0.06479598065506584,0.026939179081035373,0.10391140433417337,0.008947230449052433,-0.10467099429327612,-0.0286123843967718,0.02293746664678286,0.06471690503385644,-0.040151237374279926,0.03297346954504555,-0.040925110460658574,-0.009842673831392475,0.03213488783457339,-0.041208648549299856,0.2003636767667262,0.07193915342007931,-0.01763223861436642,0.02965945262652064,0.1186918135617502,0.1617755675524747,0.046655428144939,-0.0978903675024575,0.022705732140626673,0.031573271979663205,0.05723436506787002,-0.030310147040950045,0.23116580836243564,0.11675403068516975,0.2075635371217339,-0.06579535316893446,-0.04999046548488963,-0.04818605095432017,0.03791592299148156,-0.07531944945392782,-0.06314130704629804,-0.05380298406418087,0.0630309486297639,-0.004262833458745589,0.04039160364758727,0.2055084171216496,0.15075526958126062,0.06255774527909029,0.2890095542449125,0.0004987788976086251,0.12039782122845494,0.02878221834239441,0.14769520424182309,-0.0021478723482281402,0.0003472757624341995,0.12210910169819689,0.03859801756989974,0.029548434950785022,0.08993486064590352,0.090311238985548,-0.05947374096626449,0.0765134098744513,0.09959653260474526,-0.015082793722248323,-0.18438715365014247,0.11109974774850864,0.06735606051275735,-0.1024627986561177,-0.07805732682642884,0.004847517573602792,0.12551204352954126,0.05899130370132714,0.023668725235866543,-0.009262767362045978,-0.13331380719998798,0.030893286735958713,0.07270165719507615
1920,0.12174708331045674,0.13279259024012297,0.08632378234278691,0.16012804916606935,0.014220736450528317,0.04910342080048189,0.01965983110343834,0.11347924825476757,0.05442241172173108,0.15253013549539918,0.11999048518880487,0.028646891070151906,0.07477296620795552,-0.019013196674544,0.12071475188240954,0.03885807060020686,0.013122283942715177,-0.007783927273796038,0.18301534362142752,0.2558452555635932,0.11379687660874575,0.20402362171823799,0.052835601399925936,-0.1455749627378754,0.10441328580709056,0.03546185992602769,0.2646687765931099,0.043214997527556226,0.01849268442136426,0.13699422741685158,0.06733837415618725,-0.10863369886269862,-0.061266145742723314,0.025491025152760093,0.06347474511754958,-0.0815120389093079,0.05765566363592985,-0.11165081174838944,-0.022469193194311544,0.00071757688983487,-0.03357286957891084,0.22206175361822061,0.14215570401384517,0.014070967185204637,-0.031890762965615126,0.08611554169221199,0.15597796013317602,-0.03147944070033593,-0.08274770005746075,0.02296060275887682,-0.0036358867803551022,0.132482899632969,-0.02578015959541888,0.18792550333235739,0.10783399442437765,0.17223191015786812,-0.11456069528983151,-0.07321481385583965,-0.024896034546942634,-0.07921645497770696,0.019042609104728693,-0.06367382238197003,-0.029740753187557756,0.09162022911739025,-0.03250539866164166,0.0730078108288029,0.1761766849127318,0.14196699978670638,0.03270091221094605,0.2050234632838601,0.013529852982630788,0.04498325762689495,0.05317538692828662,0.1388399098875115,0.01440956930320907,-0.022770970926589296,0.13381297351244215,-0.011522631852751734,0.007026105954145306,0.05675748150148777,0.0710352117756352,0.0069108576494002665,0.03798461272153185,0.0562289123407172,0.017883887235430444,-0.1926160073092305,0.06871599521317591,-0.015401629088250227,-0.12319406442827037,0.0012831470831652645,0.021761026368198676,0.1824127111315214,0.07951587917789438,0.013520644159397239,-0.10382597926126917,-0.11192974357153032,0.08564439171079824,0.0024159216466941875
1930,0.20330604043951622,0.1504160857136689,0.13939773442922962,0.1256098005566375,0.018290286260484206,0.09875391593778743,0.055425596758196825,0.17868586958593483,0.1184126752447723,0.23984578373640159,0.17200196157780415,0.016305027109116268,0.09313063481598897,-0.0002455756646522497,0.1725796940239977,0.0965168914617908,0.028420924475309757,0.07208338012502881,0.165022172053684,0.2656828107277096,0.05817821884272919,0.1447118948637175,0.06248902124044332,-0.07191788137474461,0.17601060096563947,0.0522918314671055,0.26314553041190525,0.03948893695202384,-0.09379756241184221,0.17608738215692615,0.0775237137745575,-0.11753470141534486,0.019787977893879927,0.03334744877943994,0.07961732613422158,-0.017108625398449314,0.04463611169607509,-0.11472893727620483,0.03190701563217931,0.13756355931387132,0.006963727903764131,0.1699873310136739,0.122310411954546,0.024957876910117516,0.01878399961391728,0.09399359726528113,0.16985020691643463,0.02579851290513391,-0.14846265009017096,0.024801567871790876,-0.058524989906066735,0.061607699791698715,-0.02393938010868613,0.1870740579279205,0.09875465162429796,0.20712030367780065,-0.051091860273655046,-0.042185616290375046,0.033226433678696196,-0.013561640567725198,0.00014864979821969885,-0.02475244344861471,0.027180103713979338,0.15139418864090406,0.03774996127757498,0.15580984464052722,0.2038838150255818,0.15064369767318384,0.09597815383495549,0.2763751701571492,0.016121034631984655,0.1676337978167428,0.05633281609783707,0.20627183358514478,-0.01493924972532592,0.01683816673411539,0.07232809017011843,0.011253330061949408,0.017648536078188146,0.06165379571237732,0.062420569029649924,0.030916750504927298,-0.0010464728961818485,0.04233310140702487,-0.018651294077824277,-0.22713837480839455,0.13337762961377633,-0.02340791673749677,-0.09363547855587885,-0.03687833552747445,-0.010065490496164087,0.09193198765757177,0.07325343927395529,0.06804676880984557,-0.07664168173316709,-0.13215446253340737,0.04955946638155178,0.0573712240060771
1940,0.17925816887234355,0.11891763848302273,0.14379549168173297,0.1725033160919616,0.0573722535735,0.14440848279695304,0.11485009073620833,0.15278704886372585,0.1324457778923591,0.21525874135654627,0.21981657536977817,0.06114145920246735,0.10681252214664001,0.02655149847817101,0.1656922108349221,0.057701610401710755,0.04725426454627792,0.019265433886003568,0.13494723691681998,0.2707618064104503,0.008122520361430805,0.17185621573011686,0.03333520793614803,-0.0888043711760859,0.19100604675795563,0.024569317957227575,0.2572004777090203,0.08308866186530015,-0.035790497332487556,0.19535995416432456,0.032867376364622225,-0.14480207936640196,0.05707196594901583,0.010071510993958107,0.0966549234640271,-0.11082490225213053,0.04449002343693532,-0.06143595299198448,0.014453131699081256,0.022399944326009297,-0.0023005826077142602,0.22442657889363896,0.19149459218044457,0.04963329470170896,0.04905036566337826,0.1664645161129066,0.19289982585811236,0.05202432378407861,-0.024036148466939834,0.00025564847496600547,-0.042304805098128236,0.11386388576773616,0.012925248405700394,0.2562314561141555,0.14205076306063935,0.1959562204492972,-0.009339469084944199,-0.044164629619204365,0.014660614100065934,-0.05334010577268596,0.0321676464291226,-0.06019983187864654,0.15642477386636475,0.20104600864590114,0.07341096703890078,0.11372591642407906,0.19985201573878963,0.18850569319114177,0.09085551633653023,0.2671928956775368,0.05746001250724329,0.15604816679586056,0.037928029861399294,0.13861437297268853,0.02941639627701852,0.10056945116008789,0.0963263354957137,0.0814184185535434,0.023719414400132862,0.1309291680219942,0.08994117322912092,0.04015657347916261,0.06141531833679379,0.03483585582244659,0.013666034655565235,-0.1909877160430218,0.08916204603287407,-0.015849242457803805,-0.10476079837976678,0.006487210477695349,0.053080925987369805,0.12094464013390498,0.057874415663676876,0.03853270837403172,0.01481892326363658,-0.07244272696952395,0.016646418252720323,0.07345306606711718
1950,0.14558769410569275,0.17715785218962382,0.15539495498528616,0.17480473539950636,0.07323279196008038,0.09903982579405435,0.05839141870806592,0.20468444950162903,0.044665682953588186,0.2032772625701422,0.17232134547874067,-0.001589451052191454,0.14798774053851413,0.01927260600902846,0.1945619462859302,0.049071528931510164,0.07134526343503685,0.0010001511622590845,-0.01887725767296017,0.26498062789579685,0.03450690631074773,0.20151177112584567,0.005362765134902386,-0.0785575658303989,0.1897250655799974,0.07237294524306069,0.2497824070733581,0.03162888447724469,-0.0849320116604266,0.1791730890447811,0.12430426786017842,-0.07408733114924244,0.02635561460714967,0.04011631438602512,0.06030766707971103,-0.10034650813895805,0.06545392371759758,-0.10083298628069133,0.0236727120286068,0.1413609962818272,-0.0003326098795977365,0.2493993426472682,0.17416823376289634,0.050667072570055614,0.010051563220893999,0.16289545699078162,0.19882273793518387,0.02834778182728575,-0.048480009944576886,0.012907717900338121,-0.026391248493482553,0.1182566455917938,0.017350540538140467,0.22735998370587085,0.1655462482095407,0.08880186214694996,-0.03485918842620224,-0.03265128806261394,-0.026199866294471477,-0.008766934298885608,0.02856290549063881,-0.00019043783236438212,0.0679601325387283,0.1576282746088066,0.023008089064605546,0.08868874783469749,0.2331578170645555,0.08678712523260615,0.08841746142245853,0.28832726996981495,0.010039577974650655,0.12649254067798724,0.10202163407438147,0.21197897316846212,-0.006895242025811634,0.02650170528829283,0.09195312941843484,0.054917914241599045,0.028938321623677377,0.10629785342636854,0.022221230951452526,0.021932143490906407,-0.057499147050742716,0.03863058621857773,0.01756829386689697,-0.20143418048755454,0.08183285510490632,-0.02449171236428945,-0.07352602850047558,-0.025250616875921533,0.04114531215299784,0.1138276571090496,-0.011871907336102529,0.014002265829003258,-0.02348458892674541,-0.10786063637367257,0.02351938594063326,0.07959193183340074
1960,0.2509187178802913,0.1581428080355003,0.16407403896479603,0.12049491351273095,0.06046037886209781,0.1452843195673678,0.1252907717781173,0.15524067097643876,0.16282848450227388,0.2665593278427027,0.17992271685127723,0.06671645191737773,0.15361971936925906,0.034502203142547025,0.21438642971121774,0.06067247867506905,-0.00367783457934673,0.029238339076316414,0.03894453606543754,0.260458210894389,-0.01101228101438133,0.1777481536563074,0.0331209152096363,-0.07384934033225278,0.247350408945416,0.09809293467505979,0.2871692217553243,0.06836964891777306,-0.042741100968779346,0.2326181559616574,0.06846660401017503,-0.12953307988678853,0.06349862574031387,-0.02992951873907474,0.015619250055594749,-0.08635631601849521,0.11851150051776375,-0.09533183265611457,0.08943059005240236,0.0707502730192249,-0.036571600400024426,0.2590611471577606,0.17417548506121683,0.08541658350355129,0.04737161342229609,0.23554853663416592,0.217148554686064,0.01867431315473669,-0.04312146726391146,0.04726932644032769,-0.002746959955794935,0.11747578137882306,0.017453099081004363,0.2789983204052293,0.1510388432292769,0.176595930157612,-0.023720990442892973,-0.02590402837756104,0.03780321756970672,-0.0499803241748612,0.030438462098750944,0.027399747375060266,0.1241784251751503,0.13342361635273295,0.0431469173013447,0.1316728703979429,0.23954353593417466,0.1728570048697658,0.14252537024526984,0.2960524480907965,0.07623095551457208,0.1274726612116359,0.0736702562456554,0.24068962420094075,0.007636271898909462,0.05423640759353443,0.1254277527430924,0.08954395490201718,0.032098859306151604,0.08861300425047737,-0.032172311575726906,-0.02248288601694551,0.0020231008885269832,0.0966068281157761,-0.027642145757445568,-0.16632573040236906,0.12071597404413945,0.02831464858771797,-0.061143882219859585,-0.00031523688503100187,0.019198395791073762,0.15827854057484314,0.07233708521340704,0.052357502231784474,-0.02390253429272738,-0.06230900281926848,0.06669499141002484,0.10351300692277868
1970,0.24496420342631584,0.21693088912930805,0.18211951313702562,0.15709711530540874,0.07920140371377919,0.14821484120953254,0.0849394563206254,0.1591316244757004,0.12412628898527343,0.19232996031915373,0.1279911422351619,-0.00828030277669408,0.11676020649871986,0.059103818694248265,0.2227257473386087,0.047467080582533835,-0.028673293366764753,0.03664053367432518,0.09729320173610834,0.241283179230351,0.09558810755623577,0.1577676146485708,0.09595452229182826,-0.049331081087801446,0.20375060289839655,0.06385197543178378,0.19865623068581587,0.08691974404503253,-0.046512269572186064,0.14878011840109656,-0.05886036028929241,-0.048229176957680774,-0.005620900714128272,-0.0013197297165141522,-0.007097051985226859,-0.1183858680359172,0.15637173190205716,-0.05651222045169765,-0.010563909501075823,0.10259943888078253,0.008980547298951735,0.3029295397006762,0.0964106766187665,0.09323778952401038,0.05992396191765231,0.2290360908874225,0.14157879235645843,0.05275220146101065,-0.05093244096400719,0.01912583003532148,0.021008830011345046,0.09561147115586617,0.03050016971486907,0.27191880995575823,0.18007237102424586,0.11215766433893366,-0.012079602878011755,-0.09413402720504391,0.04496551162188776,-0.017807963043417415,0.08050284473709082,0.07006583037807458,0.023079272008309448,0.16666771458717067,-0.006989956671542518,0.08232599770773023,0.22416821812832324,0.16064284234070242,0.13350364914611154,0.27787432267824935,0.013654247413989306,0.1418136836964276,0.11389248182303613,0.1524856966199616,-0.005091966509925087,0.10005847229602871,0.1301354662481375,0.030155715994313017,0.040738259610533886,0.07384273435523132,0.013146955576519214,-0.028442240523393062,-0.07951222839912335,0.06612533314072877,0.05571634173769561,-0.139749658994653,0.1151558918025649,-0.03134231241738689,-0.03856105148878081,0.012712067704933955,0.024244387714747243,0.109690164606752,0.05837325929598532,0.09066621368705217,-0.009719825780819905,-0.07305983686424522,0.0012158944480398384,0.08369308086806113
1980,0.2465333832537821,0.21040194647644755,0.18772365282627343,0.20521320167431442,0.128095283226322,0.14758774490258025,0.14305442243691613,0.21437399622878694,0.13620937403382918,0.24086236032095418,0.19815780813999342,0.08445414573836502,0.19794493554919418,0.09555996778717034,0.240221523639343,0.06957725750842977,-0.008663694926154483,0.08895593522747054,0.16939413429781988,0.2699563633476165,0.00147830471427355,0.23868597283781728,0.06968050810764968,-0.03980687861776133,0.17032524626058151,0.020023747795463127,0.26175938407798166,0.10814575156800361,-0.06607275158817788,0.20212265473802504,-0.05710348284325463,-0.05203045342180126,0.04212302780031971,0.04839805152736842,-0.03797582884501574,-0.0227872512950846,0.13773616137177988,-0.08116217513887049,0.013698646150919785,0.13405212156671667,0.050206808936870025,0.26047472183594667,0.13202031383409085,0.07413872337754507,0.11478138318781173,0.17619086056502392,0.11955529436575485,0.00866583926250181,-0.0511999526408118,0.03344986038516822,-0.024490319566116858,0.06832172789303549,0.016996009078734484,0.2727509776837725,0.1573646856552334,0.0669332670694311,0.04120217881872328,-0.11688242456879425,-0.0008901238799515065,0.05272242286721585,0.08170019718301597,0.060567807324973404,0.02728810448524824,0.18851010883922228,0.03038363569076121,0.10481639901011963,0.20454113340607055,0.13074076717035046,0.15897577040873698,0.22720187551919716,0.015205052566910411,0.14787731723205466,0.08926167853884834,0.19387084618602218,-0.011194957460852493,0.08306043946713905,0.18708460008861913,0.05277374273180577,0.007022651892839661,0.08111167286788022,-0.0040728542066212495,0.015189127164982654,0.04204200038209447,0.03910054557852439,0.11572033626190088,-0.09894847989790313,0.1276586700563996,-0.054027475438059074,-0.04451696911062261,0.006823408883425006,0.02658895651037564,0.1278337541292504,0.03734480446059932,0.11355153854156212,0.0323154314779405,-0.040044240978299395,0.08350237599929641,0.06804668079283732
1990,0.24721533275099616,0.20642260462127368,0.1778340162806153,0.21250814810955068,0.1056783837284006,0.1745434259784903,0.12301657719724084,0.2044314820062571,0.15044612923666245,0.23628884148569787,0.15107334963053734,0.017227026562247307,0.20152541723696563,0.08592122874512417,0.28586084259242767,0.11919145981368282,0.014541722634618101,0.05434740649330343,0.1443937032785273,0.2096537449879064,0.0023183882678534276,0.19409972177756138,0.09841480562213774,-0.013105911946502744,0.19703081613823803,0.056255586542912725,0.19224244915060085,0.08734352575631142,-0.06783400642598243,0.12696708469914636,-0.00724554229807118,-0.014457759257539051,0.12134977800879726,0.00998428719701961,-0.042861169774022746,-0.04943051717193636,0.17397861519639907,-0.09986738291758916,0.0440746879543885,0.07542113545328481,0.01038179317053086,0.2321816855710244,0.04968897854345199,0.02499400726273591,0.04861912554248486,0.24468264147387042,0.16646964701518752,-0.05787300290322759,0.04533831081858528,0.023610776964849013,-0.03933756627315118,0.036740860812375625,-0.0017906313344880468,0.2813699137458284,0.14681090460247848,-0.008607937734100917,0.048103882989185685,-0.09019188701083472,0.012012958995730605,-0.03095431530617864,0.05042965131126759,0.1306034402594347,0.06035502863183575,0.16648780918138897,-0.007817710880897773,0.08778705418272978,0.08165554369595526,0.1735429435267652,0.18630065731621656,0.23849807980275495,0.005685667103007175,0.15642335337619664,0.1498496134229903,0.1599075402775279,0.0145460918596058,0.12878079963186728,0.15782332930216894,0.0892479107655937,-0.01312400350723737,0.09252715043340491,0.008627798830598676,0.07970097637064433,0.08474477462927837,0.1108493470742864,0.12189851110479484,-0.07030840512159586,0.16445715700468255,-0.044809661379289795,0.0025497473775874554,0.04881290659552655,0.0884109373845522,0.08138786604283105,0.024481500286990893,0.08987737393449273,-0.01020243968133615,-0.007009838057745697,0.044293358585269026,0.04319293152437675
