1980,care,cares,caring,cared,nurturing,nurture,nurtures,nurtured,help,helps,helping,helped,concern,concerns,concerned,concerning,empathy,empathetic,empathize,sympathy,sympathize,sympathetic,compassion,compassionate,uncaring,apathetic,apathy,unconcerned,unconcerning,indifference,indifferent,detached,detachment,neglectful,neglect,neglected,neglecting,unsympathetic,unempathetic,uncompassionate,disregard,disregarded,disregarding,ignore,ignores,ignoring,ignored
husband,0.15822950784405032,0.14498485122318727,0.23057813859105822,0.1871703279928976,NA,NA,NA,NA,0.12300787967650113,0.04413538516099803,0.1636830551782841,0.11462211461391195,0.03911222601796748,-0.07094120105166417,0.045474772864094556,-0.02067465371175619,NA,NA,NA,0.14782415471218602,NA,0.15243149322823202,0.1435375278867489,NA,NA,NA,NA,NA,NA,0.09924210483418917,0.10182239810640288,-0.004631352322007012,0.015537982831155204,NA,0.18467392706562752,0.14173551946014035,NA,NA,NA,NA,0.06878960050604371,NA,NA,0.017591474495968092,0.10440046598899852,0.16929236087459637,0.09568493073398125
wife,0.2069335167840061,0.2028925551401588,0.19840181696360862,0.1574765962813286,NA,NA,NA,NA,0.0721061668495544,0.005199299460946604,0.09121761158579915,0.02952673677584427,-0.010344737870801791,-0.054310322621691144,0.02547534537938119,-0.0512187766918227,NA,NA,NA,0.15677785295105723,NA,0.10499692402318272,0.08706519949145762,NA,NA,NA,NA,NA,NA,0.04741665177135711,0.02046378626108325,0.025753401026750646,-0.003561696059749806,NA,0.0975249110383811,0.16831631232124972,NA,NA,NA,NA,0.01585159077813295,NA,NA,-0.06822452999709214,0.07987458242801408,0.0636730643499948,0.04474306700738618
father,0.12982267370935027,0.12961674897712927,0.17963584465755225,0.1859568195198829,NA,NA,NA,NA,0.08728144809018404,-0.020869963326250306,0.05203832020815401,0.11394632636368159,-0.026978441013002934,-0.1438597955145084,-0.00803931709830548,-0.04345203557865651,NA,NA,NA,0.1309522389468492,NA,0.03395274410651971,0.11231679938182333,NA,NA,NA,NA,NA,NA,0.023017086413976727,0.051665111863423825,0.004772675885941829,-0.04691512330773051,NA,0.07540926519506994,0.06267962064916893,NA,NA,NA,NA,-0.07293468111486212,NA,NA,-0.08990738133812706,-0.009085044916306878,0.09841450898871598,0.14075129043084697
mother,0.1674654871095781,0.1374809814594125,0.19646587445509128,0.186553140600117,NA,NA,NA,NA,0.10602774094121291,0.06148538388306785,0.07451814631364088,0.0771972606876826,-0.04756858618717899,-0.16452992598403124,-0.04066791238983001,-0.1150906946145096,NA,NA,NA,0.09213954724455324,NA,0.011264740100739605,0.093027338246921,NA,NA,NA,NA,NA,NA,0.028542265138719096,0.051359814392736444,-0.002553755954330514,-0.04371580747347346,NA,0.0978924382961411,0.08264274385012291,NA,NA,NA,NA,-0.07712610280408613,NA,NA,-0.05255743244046143,0.053787378842322965,0.0894410564683845,0.09453442942650349
son,0.11704997887925227,0.14082458510500712,0.20808220139601377,0.1387168537791293,NA,NA,NA,NA,0.07406720688618258,-0.04962185441837647,0.1054462587262362,0.0852504070250298,-0.000990238076763392,-0.14650001783397665,-0.009814110431510252,-0.0217498272953686,NA,NA,NA,0.15957821127187247,NA,0.09062319177998684,0.152150211912929,NA,NA,NA,NA,NA,NA,0.055378540255987575,0.05110324085382635,-0.027828477176629226,0.018137184787544475,NA,0.10953340194840996,0.06169062393887371,NA,NA,NA,NA,-0.014727405470737902,NA,NA,-0.08431515589148177,0.10998348085239885,0.07711263502585895,-0.001502354924889439
daughter,0.16024069577825137,0.16523033208748825,0.20309057946174353,0.16851143733235158,NA,NA,NA,NA,0.04402558724056322,-0.014222237572155964,0.10878056547640885,0.05624320384855821,-0.0037461274778346773,-0.1088476162340368,-0.05641869306915442,-0.011974561951833473,NA,NA,NA,0.13267934944012505,NA,0.11051694392902639,0.14691321123840023,NA,NA,NA,NA,NA,NA,0.0880975375059682,0.08204739441530384,0.04659310040000348,0.009601338305339395,NA,0.12261841416363554,0.14795243914641384,NA,NA,NA,NA,0.059200407222370854,NA,NA,0.028039089206424783,0.08900533044097045,0.11525271535183265,-0.03313183150700862
brother,0.1030407304118834,0.20455667436659317,0.21182364771516052,0.15156461332121185,NA,NA,NA,NA,0.10683383189115736,-0.03079714431184679,0.12245963029077298,0.08352334616762883,0.007239657005170543,-0.11413358494510925,0.024685259441610267,-0.06103561956352187,NA,NA,NA,0.18792165268602423,NA,0.13595776812080693,0.10478027075829469,NA,NA,NA,NA,NA,NA,0.009876033389836007,0.06780140684337722,0.003765558288995303,-0.04725819905447696,NA,0.08742969185302854,0.04654173399709001,NA,NA,NA,NA,0.01302513260134302,NA,NA,-0.05215749976484513,0.074339308244858,0.11322479451763641,0.04529822900761447
sister,0.10734883505719599,0.21128028553108708,0.24770727445135562,0.20534508536255375,NA,NA,NA,NA,0.06848111092965237,0.021355916779371795,0.06963502771314697,0.037915631640955225,0.005655862568582038,-0.07761208219133596,0.062494025757214064,-0.0671943777777112,NA,NA,NA,0.14374226721217756,NA,0.1265158768851641,0.12423048795900528,NA,NA,NA,NA,NA,NA,0.024540505395385315,0.08370992617071975,0.07662667858901803,-0.016581348392986008,NA,0.1085021380486732,0.09225082488606999,NA,NA,NA,NA,0.013522031128541261,NA,NA,-0.053414277799689325,0.08302207536697498,0.115614394945728,0.010068326978178355
uncle,0.0446557975292278,0.1784216080079756,0.1737815700627079,0.1022930818860224,NA,NA,NA,NA,0.08749715385773019,0.10664494664110219,0.08663573966527062,0.06124351492418617,-0.11196579097282168,-0.09323058506918765,-0.03442058489849838,-0.06298745532459796,NA,NA,NA,0.09565683630709676,NA,0.0971952324228847,0.05700775140759941,NA,NA,NA,NA,NA,NA,0.06130372019630388,0.06244991180707338,0.07444681336017621,0.040624129237494824,NA,0.05980997919094722,0.0651121595804743,NA,NA,NA,NA,-0.0012804439276023804,NA,NA,-0.03703157803722536,0.14319376053161176,0.18279875462435605,0.08071458705031433
aunt,0.10096939402649131,0.198483429892818,0.1594608605659939,0.18519215342952552,NA,NA,NA,NA,0.05810306427208492,0.023315883794292294,-0.008472533173099308,-0.00046456600887209297,-0.11804901507655241,-0.0901611026181528,-0.061822509690507246,-0.07275510052503562,NA,NA,NA,0.06742609644456099,NA,0.1107642773758511,0.08921239451068892,NA,NA,NA,NA,NA,NA,0.026311702819522876,0.10868147882537789,0.0959137129780265,0.058488636365191485,NA,0.07566654857967843,0.15107013954586665,NA,NA,NA,NA,-0.029036982872095683,NA,NA,-0.013176028535577084,0.11373443798084182,0.1917253347550597,0.05991347611502173
niece,0.06734861680201251,0.4415067321396223,0.43056198225921655,0.39456958099883604,NA,NA,NA,NA,0.09098296655133478,0.05442284483820948,0.08387259718219534,0.10461258927762516,0.004292992055629072,-0.029064722434378486,0.012403651894934996,0.04240352531574585,NA,NA,NA,0.204025506927858,NA,0.47835473622395075,0.43769149624638526,NA,NA,NA,NA,NA,NA,0.4067995997948731,0.4225651401534155,0.40908341497902234,0.3276292993653699,NA,0.417720108392279,0.38129645639246607,NA,NA,NA,NA,0.36309904477280475,NA,NA,0.08571219725004878,0.35493789565308814,0.46740019961416546,0.111380973611494
nephew,0.12436675617391375,0.5111568905329488,0.46533837493375124,0.38737412032613056,NA,NA,NA,NA,0.0799250097556639,0.12465131844081379,0.11358980939521543,0.14736717090161003,0.0791296074285643,0.03624224959734306,0.042208605965375824,0.07542160464953945,NA,NA,NA,0.2193492597013455,NA,0.454812727849438,0.4360826129843891,NA,NA,NA,NA,NA,NA,0.35335213656600245,0.37006346232842546,0.4168148163736812,0.38992449674954355,NA,0.42828105071731604,0.3889881258624616,NA,NA,NA,NA,0.3901163623087588,NA,NA,0.06838151711076233,0.38363166024368217,0.48940262452412064,0.14477901563340784
grandmother,0.1642481503241889,0.18172317775307603,0.20174415212911123,0.25260995310422557,NA,NA,NA,NA,0.03516279194420225,-0.013291526144238962,0.03733991866819713,0.12642356156259932,-0.030037286760943513,-0.08939764647306316,-0.013520623219240179,-0.018089821181960303,NA,NA,NA,0.12481468377832615,NA,0.19840777968018172,0.11519726086681706,NA,NA,NA,NA,NA,NA,0.0902163745685358,0.15413756462914718,0.13554737407786066,0.03680754058096891,NA,0.1415997794508991,0.16235565407106625,NA,NA,NA,NA,0.04350270322223812,NA,NA,-0.010290038783906871,0.11280498308728545,0.14777774874063468,0.08318751848172819
grandfather,0.07490474354539141,0.1910263694783238,0.15138159880172816,0.1550014273810747,NA,NA,NA,NA,0.0816606330452004,-0.0516572058095907,0.023731484814560878,0.10099939042715846,0.05237883425814921,-0.05510063753871348,0.06234281694914412,-0.008471852620104777,NA,NA,NA,0.1654646315132425,NA,0.12017430735874211,0.15250801409310075,NA,NA,NA,NA,NA,NA,0.07589500486750234,0.12301577040363144,0.1048873697514021,0.11321097234839904,NA,0.11687371555116276,0.15003565480206243,NA,NA,NA,NA,0.08995393895005027,NA,NA,0.021927333336995116,0.1178162849531888,0.15047495328025232,0.11944341345032183
acquaintance,0.08706067606388782,0.3879434825038012,0.45268927588049285,0.3860505862880414,NA,NA,NA,NA,0.05514788187573585,0.1540778155755147,0.19033564575489187,0.145353960926207,0.06944856967080748,0.055853784244052046,0.07179450407701961,0.12926911916142922,NA,NA,NA,0.20340703066816698,NA,0.4417952160441632,0.4075998383287167,NA,NA,NA,NA,NA,NA,0.43147485666997243,0.45284019754148974,0.37371551748763454,0.4927229254469345,NA,0.3930771061849295,0.44142076012504566,NA,NA,NA,NA,0.48761059433453036,NA,NA,0.07766143530203173,0.33207244092905436,0.42392038458148346,0.09788033523177132
ally,-0.04227245704911902,0.35881388814039555,0.32411701282737954,0.30593618685307356,NA,NA,NA,NA,0.12326575530524515,0.10316931923548775,0.20633569493634224,0.20284463933903346,0.12776158885873318,0.09292749244428042,0.09909213074669243,0.0899141953038423,NA,NA,NA,0.18166655055693995,NA,0.4612968809282976,0.33274693015170376,NA,NA,NA,NA,NA,NA,0.3557295580461145,0.4085557005095084,0.3386983636238929,0.48110565760188384,NA,0.3904200690874071,0.5344507623636848,NA,NA,NA,NA,0.43544366703993204,NA,NA,0.17967815303387158,0.3819189850225749,0.3311963840564376,0.1374529371585369
associate,0.0708967326531345,0.13945516417895432,0.11786011044104511,0.05877512905859399,NA,NA,NA,NA,0.0538228060960753,0.06863231563271446,0.10494771022779718,0.0761129241236953,0.15840016258182613,0.16712764530653376,0.21132723357340458,0.19888064755787166,NA,NA,NA,0.19884104085332988,NA,0.19686742616844577,0.206656460067245,NA,NA,NA,NA,NA,NA,0.11401341528145048,0.17996853195024873,0.06394288567662434,0.12769827417801702,NA,0.19126085995344416,0.1479746039182509,NA,NA,NA,NA,0.14471618434381517,NA,NA,0.004552847081827535,0.15534671087598914,0.07544881528329371,0.004752099880148345
colleague,0.02055928234266053,0.4029245804737484,0.35012430662855004,0.29630557743382735,NA,NA,NA,NA,0.029098520409035954,0.10674564346286465,0.10932162341955062,0.13741530103951952,0.08223823286088808,0.09799699660951645,0.09235645546611647,0.0734295971815647,NA,NA,NA,0.15119965112940467,NA,0.4751670765049446,0.37568993347936436,NA,NA,NA,NA,NA,NA,0.3453933307534198,0.4147445415309892,0.4231052409094498,0.444312035482542,NA,0.4501307646356621,0.4787866868050211,NA,NA,NA,NA,0.4680922890210071,NA,NA,0.05298849090190518,0.31740054866209905,0.43654247875915714,0.11411586223298037
counterpart,-0.0654115447934498,0.3021490511496589,0.4004967152746456,0.30867071678873637,NA,NA,NA,NA,-0.017470199620994113,0.1097093579655316,0.1016745387422105,0.11663057737583205,0.1591470019854136,0.20294082919735115,0.11078719970154305,0.2062417997425843,NA,NA,NA,0.2481607305451778,NA,0.40699603280086344,0.3895900409559758,NA,NA,NA,NA,NA,NA,0.4267054649305316,0.4355249688481572,0.4210267944430578,0.4852186786877649,NA,0.4854040470437867,0.5198976792182544,NA,NA,NA,NA,0.5212181317029012,NA,NA,0.13136783067384364,0.4275522191601731,0.4121923850460765,0.0646761879881375
fellow,0.04436300568104951,0.17292593824949026,0.16433264772501477,0.16652797672522926,NA,NA,NA,NA,0.06363611341150834,-0.07581463517804193,0.1704400095371024,0.091690207698782,0.05328114531189681,0.005461039167413264,0.08853562873672333,0.03358629411139822,NA,NA,NA,0.2370703281828621,NA,0.20940331055927794,0.17002282357355258,NA,NA,NA,NA,NA,NA,0.04704275281909892,0.10907009566606159,0.08948591416791368,0.06403790274780101,NA,0.08796838476888046,0.06830509587484457,NA,NA,NA,NA,0.09045994756239022,NA,NA,-0.006216903090831058,-0.028192238264355834,0.07391013343165541,0.08390176379973228
neighbor,0.019046732682981665,0.4331993580220737,0.4485085528861225,0.3202850395401233,NA,NA,NA,NA,0.018390410178689618,0.13742802939697937,0.1687876875313492,0.13236778871676805,0.09913437699955817,0.04279824119551268,0.005643085729765651,-0.008266967562091493,NA,NA,NA,0.09891208270424333,NA,0.38543896140118894,0.3211463132323304,NA,NA,NA,NA,NA,NA,0.3987422112092367,0.3028150224852376,0.3665217579748573,0.42795507995058535,NA,0.3903467495643209,0.39872867350054897,NA,NA,NA,NA,0.403408567418115,NA,NA,-0.015788146639533207,0.3756777639685184,0.40481012480619144,0.08010134495644862
patriot,NA,NA,NA,NA,NA,NA,NA,NA,NA,NA,NA,NA,NA,NA,NA,NA,NA,NA,NA,NA,NA,NA,NA,NA,NA,NA,NA,NA,NA,NA,NA,NA,NA,NA,NA,NA,NA,NA,NA,NA,NA,NA,NA,NA,NA,NA,NA
confidant,NA,NA,NA,NA,NA,NA,NA,NA,NA,NA,NA,NA,NA,NA,NA,NA,NA,NA,NA,NA,NA,NA,NA,NA,NA,NA,NA,NA,NA,NA,NA,NA,NA,NA,NA,NA,NA,NA,NA,NA,NA,NA,NA,NA,NA,NA,NA
companion,0.04185067855055823,0.43165110329683637,0.4612972343126169,0.3507439101075794,NA,NA,NA,NA,0.05072826531994009,0.04735506526402648,0.14512842457096753,0.10344299211205987,0.06884972886122119,0.05033848869807567,0.052340274614959104,0.1030877862359962,NA,NA,NA,0.20298537744177125,NA,0.5006995843591667,0.38320393471431974,NA,NA,NA,NA,NA,NA,0.3801796058352313,0.42460245439702493,0.36615977800049443,0.3967845276335713,NA,0.4519392323248,0.364929374345323,NA,NA,NA,NA,0.41991829211539766,NA,NA,0.013644951007971123,0.3472277204117105,0.4289322555160175,0.057614337579308186
partner,0.07786806311217725,0.11882432968917205,0.19308124825654496,0.08816158916198549,NA,NA,NA,NA,0.05079611162055806,0.12081260264677557,0.2059378589731709,0.044293799801877205,0.14457392615543474,0.08604029138929478,0.13808872917414633,0.06392395337310179,NA,NA,NA,0.0986296235361254,NA,0.16387073747343542,0.13267667636693153,NA,NA,NA,NA,NA,NA,0.022349962465139907,0.19232782566245946,0.08654449026666938,0.0661506606262066,NA,0.10298406636738665,0.13184983212281143,NA,NA,NA,NA,0.18074995554527198,NA,NA,-0.039426673880864245,0.1706284787903194,0.11681656642993568,-0.08140291258282667
supporter,-0.0066875085041999,0.42752545420431043,0.40493811527941154,0.335620267463168,NA,NA,NA,NA,-0.042021197482333225,0.09159114542979693,0.05887175435333873,0.11935352345855979,0.18568021427215375,0.21656089007628268,0.12856865626232383,0.24040543091367814,NA,NA,NA,0.21154495201643472,NA,0.4920977737286186,0.40654986952744826,NA,NA,NA,NA,NA,NA,0.4311082606626977,0.4918114833814051,0.4256239425172291,0.5162955254530857,NA,0.49931276797532037,0.48234668733641034,NA,NA,NA,NA,0.5325972964478105,NA,NA,0.11053716871989008,0.3840727152701807,0.4158851985525493,0.108169316757289
member,0.058972780844940585,0.07438792005199353,0.03427392767112608,0.023635041544700308,NA,NA,NA,NA,-0.04997013977895831,0.06906829840750685,0.06054163218209982,0.0002754892193683107,0.05424179851966282,0.08167416785081859,0.1607375241010704,0.09043988357166519,NA,NA,NA,0.003260404593493845,NA,0.15556829980138065,0.03254771121995222,NA,NA,NA,NA,NA,NA,0.12010038136370277,0.04676148004766119,0.0258396134846956,0.07237833233953594,NA,0.10540214372244792,0.07618971273766069,NA,NA,NA,NA,0.07300819566656787,NA,NA,-0.057120523184782626,0.05846096388193185,0.045276963675169486,-0.08140850570430858
follower,NA,NA,NA,NA,NA,NA,NA,NA,NA,NA,NA,NA,NA,NA,NA,NA,NA,NA,NA,NA,NA,NA,NA,NA,NA,NA,NA,NA,NA,NA,NA,NA,NA,NA,NA,NA,NA,NA,NA,NA,NA,NA,NA,NA,NA,NA,NA
emigrant,NA,NA,NA,NA,NA,NA,NA,NA,NA,NA,NA,NA,NA,NA,NA,NA,NA,NA,NA,NA,NA,NA,NA,NA,NA,NA,NA,NA,NA,NA,NA,NA,NA,NA,NA,NA,NA,NA,NA,NA,NA,NA,NA,NA,NA,NA,NA
foreigner,0.10759404882587871,0.4960187147519903,0.4904032917222758,0.4052593147628795,NA,NA,NA,NA,0.0741032121418665,0.1173230285680312,0.15672194136693998,0.08757583753392516,0.07038124844916915,0.0633121244308012,0.05594158645814769,0.08600491126882669,NA,NA,NA,0.20088180527282393,NA,0.5050080484111199,0.41415977569354845,NA,NA,NA,NA,NA,NA,0.4540369451478523,0.520022648857681,0.45150854071713675,0.4419852509894659,NA,0.496917999587943,0.45725725602148054,NA,NA,NA,NA,0.5087427582645878,NA,NA,0.15305403005909307,0.3887341709563336,0.5067145689196817,0.08553715928204443
intruder,-0.0007613923400959864,0.4616248078876937,0.3978321233753965,0.3514756195601017,NA,NA,NA,NA,-0.0076763487395880075,0.03433808465311718,-0.018160923074817537,-0.02520952087935579,-0.0004177140793715639,0.01933834529166728,0.05902408815946817,0.09001540243422897,NA,NA,NA,0.12695276660729865,NA,0.4232912960860274,0.43377360068835463,NA,NA,NA,NA,NA,NA,0.38916243524912447,0.4543382452580612,0.34294964265702144,0.44097197668533034,NA,0.4314575094525087,0.40677027445085795,NA,NA,NA,NA,0.44288443732155375,NA,NA,0.09143781896445666,0.42208205653722064,0.4390511013462088,0.09066075106422167
settler,NA,NA,NA,NA,NA,NA,NA,NA,NA,NA,NA,NA,NA,NA,NA,NA,NA,NA,NA,NA,NA,NA,NA,NA,NA,NA,NA,NA,NA,NA,NA,NA,NA,NA,NA,NA,NA,NA,NA,NA,NA,NA,NA,NA,NA,NA,NA
stranger,0.0601252731564327,0.219258963942415,0.2097191390202334,0.2201350988838099,NA,NA,NA,NA,0.013617487449793067,0.023159950332398264,0.04395448479517646,-0.08420932438546173,-0.0201329591108869,-0.17612110615867044,-0.018756290218318147,-0.03301793215924261,NA,NA,NA,0.19678154233356826,NA,0.16193475924341427,0.17938974439526933,NA,NA,NA,NA,NA,NA,0.11257036469945014,0.16944550135251452,0.14896822430295736,0.1744326972402103,NA,0.0710886443249187,0.07533500284350265,NA,NA,NA,NA,0.1351072870522149,NA,NA,0.012983200696170732,0.13363612855179774,0.1371805709974912,0.08168290895974778
visitor,0.026024533383095984,0.414831431178893,0.4192432248280777,0.3403670938930622,NA,NA,NA,NA,0.021273691921267265,0.11772177823626795,0.12519348588764612,0.07943144342494837,0.06772376394017626,0.0895881687802607,0.0726662358269812,0.04267731195144576,NA,NA,NA,0.1311077897729752,NA,0.5101406848246486,0.3072788100882665,NA,NA,NA,NA,NA,NA,0.4115854055891414,0.39746979343935945,0.393696259830013,0.4265622917214608,NA,0.4072144402507981,0.39923078038220744,NA,NA,NA,NA,0.3756395127694148,NA,NA,0.039587099966459004,0.33469660916381416,0.4358533716290767,0.1206736915974251
vagrant,NA,NA,NA,NA,NA,NA,NA,NA,NA,NA,NA,NA,NA,NA,NA,NA,NA,NA,NA,NA,NA,NA,NA,NA,NA,NA,NA,NA,NA,NA,NA,NA,NA,NA,NA,NA,NA,NA,NA,NA,NA,NA,NA,NA,NA,NA,NA
opposition,-0.17058935949275278,-0.03138398821254162,0.04523963265797724,-0.04704546232494727,NA,NA,NA,NA,-0.008779041585852815,0.0008907050899159392,0.029873522691588633,0.18045809853024625,0.22597402569898095,0.2785240909326997,0.14502329682787832,0.16808645194086216,NA,NA,NA,0.16317911232425117,NA,0.2506979279926669,0.0425429831102412,NA,NA,NA,NA,NA,NA,0.14286745576621168,0.10532381661708974,0.09601340399284967,0.12825478634588466,NA,0.11168203812942111,0.0318314012463622,NA,NA,NA,NA,0.1256198238700648,NA,NA,0.16287774112734826,0.04766952066790407,0.09422285434539862,0.08421488640636406
rival,-0.08267649228631027,0.2986247150170044,0.3578196347668591,0.31999555887507214,NA,NA,NA,NA,0.013327174306264023,0.11687059916923938,0.11514649571028782,0.143115659475949,0.17662626900981315,0.1310901429267557,0.03500644511853528,0.12171961562118815,NA,NA,NA,0.08237120455164106,NA,0.420379899488676,0.3486741710136307,NA,NA,NA,NA,NA,NA,0.39498070668479435,0.3780614037207733,0.39575586510187616,0.3643029523153082,NA,0.380886063565823,0.38411774509216307,NA,NA,NA,NA,0.40771650287353967,NA,NA,0.11642304923249998,0.3574529070631294,0.44226317582094116,0.056766544629532976
opponent,-0.057730683470789974,0.35238846920285144,0.3849651600271308,0.2882768101656649,NA,NA,NA,NA,-0.020549345252803854,0.09478888139737279,0.09519430537819067,0.11980544217036411,0.12693931587968751,0.11964021992016323,0.09653801587441359,0.10072483034493597,NA,NA,NA,0.1484172914472397,NA,0.4322053584875088,0.3671993180017451,NA,NA,NA,NA,NA,NA,0.4202702885568575,0.4060359035032748,0.361799228955455,0.3825492152606018,NA,0.43417391857269355,0.3746903420795969,NA,NA,NA,NA,0.4209207460018141,NA,NA,0.09332878784858194,0.35209384210198924,0.4304295402423043,0.05373343746256452
adversary,-0.03680850601777129,0.41314472694575083,0.424457748166359,0.30098861367149415,NA,NA,NA,NA,0.04690546578042215,0.15481213921714232,0.11048209462756013,0.13767208649616886,0.12052950257854092,0.19272978123927056,0.15291684353094495,0.17561562541441958,NA,NA,NA,0.2111234441922136,NA,0.4634394490594343,0.4815156709614149,NA,NA,NA,NA,NA,NA,0.5158499270027027,0.45314446209837317,0.43769382253944045,0.5201806483419465,NA,0.43623196332007474,0.49799174451473827,NA,NA,NA,NA,0.42634003426280254,NA,NA,0.1726429336631352,0.49208087318200117,0.38403143062411355,0.17275389507391664
competitor,0.011024969952019731,0.373200658130733,0.3892520241561589,0.3145468491065757,NA,NA,NA,NA,0.07306577620793193,0.09522584992536734,0.07755757414234378,0.11637447961009005,0.10241665198059492,0.11572776089434102,0.11131816668916786,0.1029737595244274,NA,NA,NA,0.11843280679123407,NA,0.41998711386137016,0.36700071604679724,NA,NA,NA,NA,NA,NA,0.3910577404973448,0.3911344589397539,0.3398516333332846,0.48652711879652677,NA,0.4291964726971795,0.5258513190738529,NA,NA,NA,NA,0.5005149511012799,NA,NA,0.06603129767190008,0.37295233973172104,0.3220499399827635,-0.017475357425028423
invader,NA,NA,NA,NA,NA,NA,NA,NA,NA,NA,NA,NA,NA,NA,NA,NA,NA,NA,NA,NA,NA,NA,NA,NA,NA,NA,NA,NA,NA,NA,NA,NA,NA,NA,NA,NA,NA,NA,NA,NA,NA,NA,NA,NA,NA,NA,NA
occupier,NA,NA,NA,NA,NA,NA,NA,NA,NA,NA,NA,NA,NA,NA,NA,NA,NA,NA,NA,NA,NA,NA,NA,NA,NA,NA,NA,NA,NA,NA,NA,NA,NA,NA,NA,NA,NA,NA,NA,NA,NA,NA,NA,NA,NA,NA,NA
arab,-0.03969314179171226,0.04206742870219388,0.0697005172427135,0.03664366070823623,NA,NA,NA,NA,0.045439332098344005,-0.061657406053024326,0.14389255381881708,0.10939235739111923,0.11237091156152336,0.11007586587619358,0.05584050047414241,0.07308053083686401,NA,NA,NA,0.12916688961420433,NA,0.11910841246802062,0.019694586133633684,NA,NA,NA,NA,NA,NA,0.13010394619169896,0.14016516615527683,0.12466455470706478,0.1158728011187087,NA,0.10525281793894961,0.0772552776230387,NA,NA,NA,NA,0.12586873912469992,NA,NA,0.08860603821476325,-0.0672750380353715,0.1078791412689527,0.022665788990326292
beggar,NA,NA,NA,NA,NA,NA,NA,NA,NA,NA,NA,NA,NA,NA,NA,NA,NA,NA,NA,NA,NA,NA,NA,NA,NA,NA,NA,NA,NA,NA,NA,NA,NA,NA,NA,NA,NA,NA,NA,NA,NA,NA,NA,NA,NA,NA,NA
blacks,0.04730359658967013,0.12452374901542157,0.11464762141126811,0.17560260022864277,NA,NA,NA,NA,0.02817465919034761,0.025955183518094106,0.21090041895742948,0.18588488394994815,0.10864821377713957,0.20528377266219908,0.19528021816662142,0.1302875185919448,NA,NA,NA,0.16595962737302428,NA,0.1448864779322059,0.10336702723981164,NA,NA,NA,NA,NA,NA,0.08008116818690555,0.10180036972202725,0.04344765373350626,0.07095515820838673,NA,0.191836158504963,0.12883376848195596,NA,NA,NA,NA,0.21160807492465752,NA,NA,0.1265417664114516,0.06296621076458125,0.07149567947964988,0.1062164559243653
crippled,0.09913342140646679,0.45315414239106805,0.4380568339200296,0.4027624811096494,NA,NA,NA,NA,-0.0004663761770434382,0.06401707103976585,0.075734756346842,0.15156505371986084,0.028786051452232342,0.03672480971550765,0.0038631403039340235,0.012885964307295286,NA,NA,NA,0.11608954080352504,NA,0.4047416296575082,0.46427870142329214,NA,NA,NA,NA,NA,NA,0.4232576467408227,0.39649501382547103,0.4071223313186693,0.42229968564583487,NA,0.4340844635370244,0.4392798823713126,NA,NA,NA,NA,0.4671049323854532,NA,NA,0.05709424684538148,0.36175903883999755,0.3968488673431257,0.2380575109062751
disabled,0.1762991958087308,0.4064595876762218,0.5240780099860584,0.4126674480266535,NA,NA,NA,NA,0.11617702182126129,0.19849609292110693,0.23528278888339935,0.1410833795952842,0.12285297500176658,0.1915971276046332,0.1489030321017806,0.17548677763482834,NA,NA,NA,0.023785936871148994,NA,0.40865292899977335,0.34415365963040667,NA,NA,NA,NA,NA,NA,0.43219658115333287,0.3674202208427429,0.4591557648041223,0.3692598003794272,NA,0.45347732315260547,0.41028797511478493,NA,NA,NA,NA,0.47199851690476385,NA,NA,0.10733599437735704,0.31124273208498854,0.5123796628165869,0.10548463254698717
jew,0.09911952819559959,0.48044144336766914,0.4246336985457559,0.4132612061141196,NA,NA,NA,NA,0.019997733727437385,0.03550849098537766,0.13128340439517028,0.04865131123348925,0.04331613344715528,-0.009044681962369931,0.11458091968167534,0.05050339151948433,NA,NA,NA,0.15955879650207275,NA,0.43152081584895025,0.4061837316859884,NA,NA,NA,NA,NA,NA,0.40035914666750466,0.41651048098121746,0.3255032585922183,0.422615027179568,NA,0.4046968521751035,0.4198855694774881,NA,NA,NA,NA,0.4038487384485074,NA,NA,0.08857379460792077,0.3280820615314853,0.35538971953152915,0.07670523204572775
mexican,-0.009361856173673586,0.06244824551510342,0.04532093870115777,0.02167692220765028,NA,NA,NA,NA,-0.018563832069328205,0.026296829785501824,0.22304147839479546,0.14119701112723732,0.040729264015651495,0.1202676423161307,0.02440167127382539,0.08601745526686695,NA,NA,NA,0.07920295437866198,NA,0.21442010412034032,-0.025881803824808633,NA,NA,NA,NA,NA,NA,0.037386255712696444,0.0937941473798345,0.09164899578628326,0.12691187673965162,NA,0.15072140781085464,0.14404049162564825,NA,NA,NA,NA,0.11682433730984801,NA,NA,-0.03974598920936739,0.08166538594978005,0.10457031922356069,0.05069901797786015
unemployed,0.1023382260720985,0.3604649191908581,0.45411912824107264,0.3961356566012661,NA,NA,NA,NA,0.10257629749756765,0.13384717470639387,0.2455874750224319,0.1650980134862579,0.08033617703261783,0.16066555820061196,0.11023138495062165,0.1749118642397339,NA,NA,NA,0.15273734504227598,NA,0.41662177847418913,0.3882490258200577,NA,NA,NA,NA,NA,NA,0.3207578535813261,0.41362827512190337,0.3785928599840246,0.4340811097980967,NA,0.4785371800965805,0.4389986424147203,NA,NA,NA,NA,0.4923863200394607,NA,NA,0.10024508224553508,0.3589618826845704,0.4641012990140392,0.04177945938613218
native,0.019433680045471902,0.08020352888124704,0.13787379043018547,0.09394674235906356,NA,NA,NA,NA,-0.04286376269512909,-0.10451125724066894,0.0735143990078281,0.0621352591241218,0.017583748978878804,0.07520138729486915,0.01815674034916441,0.09863307371848852,NA,NA,NA,0.04881763357121633,NA,0.08091081402103946,0.13821656527932588,NA,NA,NA,NA,NA,NA,0.05667806722214338,0.10171391644266915,0.1230350286878863,0.11074219898213016,NA,0.1935975069156049,0.14380686603313783,NA,NA,NA,NA,0.1269154309210832,NA,NA,0.02281626095794961,0.05025020197760199,0.05499731148665252,-0.0053281511537308325
elderly,0.18164708354206976,0.12237055871987604,0.19247618897860552,0.14675552224174726,NA,NA,NA,NA,0.09160699638436265,0.06013857496465593,0.2867512609196444,0.16148194013835995,0.122079602708063,0.13286751665260862,0.06472416066282165,0.029037565812024886,NA,NA,NA,0.14909172542936006,NA,0.18094363041000694,0.11301584650446739,NA,NA,NA,NA,NA,NA,0.033406188479774175,0.08409954886931555,0.13648860842278707,0.11681329252557576,NA,0.16571985748184856,0.1695052599929576,NA,NA,NA,NA,0.1506311890195693,NA,NA,-0.0069134093952441765,0.006865770370678453,0.11270445554212737,0.033167447977164505
indian,0.00787350373294385,0.08545528815261337,0.14513276569647213,0.1125166437546591,NA,NA,NA,NA,-0.13957818384429088,0.07574945055897177,0.09670427974766307,0.0730737804791875,-0.011472583259486012,0.03757878408254994,-0.05838797578768025,0.08061106867113485,NA,NA,NA,0.1018538881784817,NA,0.06701524691455331,0.10101416735908406,NA,NA,NA,NA,NA,NA,0.08358735693381214,0.07083373913213549,0.13214851589732998,0.149155138016251,NA,0.05511817230728851,0.04228267917815614,NA,NA,NA,NA,0.06468182178436309,NA,NA,-0.01983926838942036,-0.044926458583708896,0.08422904941630993,-0.04681340405698592
woman,0.14083022672169523,0.15066214920770318,0.13645279967156762,0.14101327776725983,NA,NA,NA,NA,0.003169397601260604,-0.023480437893812538,0.0395477345209922,-0.026319851557557894,-0.06406959605406498,-0.17939877250498087,-0.04609790014803992,-0.12229085566370386,NA,NA,NA,0.10271794322245954,NA,0.14040168581473128,0.08835308807143988,NA,NA,NA,NA,NA,NA,0.0076796333811370646,0.08216403875666528,0.087168423085421,0.09308554828533201,NA,0.03740488110740122,0.07897202983706011,NA,NA,NA,NA,0.003212755309018835,NA,NA,-0.04130942836395741,0.014660802751624522,-0.0008628834318609368,-0.05279968771080376
chinese,-0.08657039834101805,0.03471434264348833,0.017950508559349695,0.10276295390007671,NA,NA,NA,NA,-0.08041752607419775,0.03036620158931729,0.14159985901895075,0.09436815638439441,0.06751011031111645,0.12486581396559307,0.09590711789201876,0.1153473077202734,NA,NA,NA,0.0687492099852551,NA,0.1301674794667697,-0.0030475243079835417,NA,NA,NA,NA,NA,NA,0.1049345162254625,0.172703653225398,0.08477837236558765,0.1326538740379381,NA,0.051335216717540745,0.12518831416882492,NA,NA,NA,NA,0.058485884995032704,NA,NA,0.11880086909925991,0.0028207039491598036,0.07402601386236489,0.07904747167884238
pauper,NA,NA,NA,NA,NA,NA,NA,NA,NA,NA,NA,NA,NA,NA,NA,NA,NA,NA,NA,NA,NA,NA,NA,NA,NA,NA,NA,NA,NA,NA,NA,NA,NA,NA,NA,NA,NA,NA,NA,NA,NA,NA,NA,NA,NA,NA,NA
animal,0.0775243720536131,0.10217665566915232,0.20828220338011497,0.07970310092835368,NA,NA,NA,NA,-0.048015373470772074,0.1324485317689806,-0.010616744448712667,-0.03049444225193753,0.03304099073014568,-0.07755610259837135,-0.04923600370097123,0.02676390559182497,NA,NA,NA,0.02641971434750437,NA,0.049585411480752996,0.18894726179573249,NA,NA,NA,NA,NA,NA,0.13637258987622788,0.1480863060587782,0.25695564075925326,0.09022795944707697,NA,0.14110755687106594,0.07109075095894055,NA,NA,NA,NA,0.10924628111671107,NA,NA,0.04950388420717535,0.05226993910577446,0.08953708019967031,-0.028760772094069964
ape,NA,NA,NA,NA,NA,NA,NA,NA,NA,NA,NA,NA,NA,NA,NA,NA,NA,NA,NA,NA,NA,NA,NA,NA,NA,NA,NA,NA,NA,NA,NA,NA,NA,NA,NA,NA,NA,NA,NA,NA,NA,NA,NA,NA,NA,NA,NA
bird,-0.044750030439622106,0.09576801418431512,0.0604215073740735,0.054075609095322046,NA,NA,NA,NA,-0.10901985212494045,0.0319861048107542,-0.1818756272758166,-0.034414399802299545,-0.12063723217170909,-0.1782487463338543,-0.11182077598599346,-0.09554273460206776,NA,NA,NA,-0.02762039349704385,NA,0.09173788905713251,0.07603438633882703,NA,NA,NA,NA,NA,NA,0.06397111612550624,0.07269265449398543,0.09315978748793767,0.05147995225896298,NA,-0.015420680679680245,-0.05855370195740192,NA,NA,NA,NA,0.07768089566146885,NA,NA,-0.09771433459998982,-0.021261698332620017,0.04872089790540717,-0.09750885796301727
elephant,0.021924066935524643,0.32912957178033225,0.3745387026522343,0.29928916807974193,NA,NA,NA,NA,0.0017114796501636086,0.15273286284457474,0.05193821964617091,0.04190292454452212,0.01674867706808122,-0.006512144831069237,-0.002668096288025398,0.1517994339476647,NA,NA,NA,0.1117934897379124,NA,0.40915160141795137,0.312254620418631,NA,NA,NA,NA,NA,NA,0.3310304964992138,0.38778386951249777,0.4545463394978525,0.34760627222462115,NA,0.29076523783220326,0.3470126669056915,NA,NA,NA,NA,0.3670567583124651,NA,NA,0.020792322617902086,0.32328099467906146,0.40456851619369244,0.13178438861559671
chicken,0.09115845042290849,0.052632451694339014,0.08908186579854148,0.07013096243282683,NA,NA,NA,NA,-0.04022832913538462,0.10239640896364957,0.02476209300991465,0.019287823803452873,-0.13582713859606588,-0.18395216106570375,-0.19317693393593488,-0.12800880766686354,NA,NA,NA,-0.030514635022756986,NA,-0.05858401563058667,0.025859373647104753,NA,NA,NA,NA,NA,NA,0.021070180877439205,-0.043347171961210025,0.020715319017037142,0.052957450060765875,NA,-0.027940864728584876,0.03231513724458057,NA,NA,NA,NA,-0.003741318191947756,NA,NA,-0.056927818106934924,0.04318734153621848,0.05444691717277077,-0.13268927467538424
cow,0.03457312636866768,0.36211450780329807,0.40626450778278356,0.377383622718234,NA,NA,NA,NA,0.024506649731246413,0.11194514617173146,0.020826202433806056,0.007694365652664755,-0.07293337150825456,-0.08735240850144006,-0.10464878503950233,0.001923735047886535,NA,NA,NA,0.024448779487542812,NA,0.3814823485311861,0.3531596537388336,NA,NA,NA,NA,NA,NA,0.3053298121054759,0.33564938811699896,0.3779875709658931,0.40649178603642705,NA,0.37208202403779345,0.3447883623079705,NA,NA,NA,NA,0.3562585188205375,NA,NA,-0.011027326982957152,0.3289943237091877,0.3553461591140798,0.03753352158591287
dog,0.08332569330543368,0.1214766175645254,0.1286403812525933,0.11075480539259959,NA,NA,NA,NA,0.029857851653856272,0.11505711463466849,0.04181581984007464,-0.024082365763705097,-0.11795911027829674,-0.22556150687440976,-0.11865909873934549,-0.15762265320729116,NA,NA,NA,-0.007341903564078756,NA,0.03459594712369653,0.04864343088768246,NA,NA,NA,NA,NA,NA,0.01986705315125379,0.05433924195270407,0.13230746623252312,0.0708786875048939,NA,0.005481651151550533,0.017315096374429496,NA,NA,NA,NA,0.015437697557315635,NA,NA,-0.03759257714874432,0.050918149980129224,0.07850305399823235,0.015585109253296828
fish,0.054364400692059583,0.05142266294348061,0.09609136396663347,0.0714489284211159,NA,NA,NA,NA,-0.0004455301425382969,0.059890749215988366,0.002252003298922625,-0.005480108371730779,-0.087422246996267,-0.16464059107980528,-0.11761459519332641,-0.09914237077177121,NA,NA,NA,-0.08512211968046068,NA,-0.020734212559153798,0.02786965507282683,NA,NA,NA,NA,NA,NA,0.0062401877123311605,-0.015269570239277577,0.04522979286082298,0.007218834459117299,NA,-0.03269784377497077,0.0042885242765357545,NA,NA,NA,NA,0.03457789393993778,NA,NA,-0.06577710488403225,0.002473545292792239,0.07976649589092634,0.009568676115463333
pig,0.11139988019612707,0.43756237371039086,0.3662845518788168,0.3883596852037693,NA,NA,NA,NA,-0.04621982248352187,0.07713648639807592,0.031971043800516526,0.0382564663277776,-0.02165264613847653,0.010506353261486088,-0.009506373544671846,0.013256394894367286,NA,NA,NA,0.09883341412833369,NA,0.39482268496195977,0.40595355015799534,NA,NA,NA,NA,NA,NA,0.32686019326470234,0.39226721294430367,0.33955662007539694,0.3767055753086813,NA,0.42127385734002293,0.41558511497592254,NA,NA,NA,NA,0.42047350340017253,NA,NA,0.05369396533447574,0.38596628557024865,0.39278854283078085,0.006003014532747613
shark,NA,NA,NA,NA,NA,NA,NA,NA,NA,NA,NA,NA,NA,NA,NA,NA,NA,NA,NA,NA,NA,NA,NA,NA,NA,NA,NA,NA,NA,NA,NA,NA,NA,NA,NA,NA,NA,NA,NA,NA,NA,NA,NA,NA,NA,NA,NA
bear,0.08686992217561795,0.10059486094831654,0.17445797985707118,0.15944359051701115,NA,NA,NA,NA,0.12347483407194877,0.09175076041129306,0.10704551040075928,0.14564099714293074,0.0067893785344704805,-0.09068266121513222,-0.07941802620846075,-0.1028450121666117,NA,NA,NA,0.04173298727301405,NA,0.08443241263233342,0.07007686471326668,NA,NA,NA,NA,NA,NA,-0.003848650075768278,0.12927463226000385,0.10660315676524819,0.028800976924669944,NA,0.07759093251316344,0.10014800095748048,NA,NA,NA,NA,0.05303992011953779,NA,NA,0.11548950202774438,0.03481914147578704,0.08334565152685378,-0.018794365742304944
snake,0.019780759278363595,0.2214990899235245,0.11354025610477018,0.07582248069234107,NA,NA,NA,NA,0.01630382038647363,0.1421382735728414,-0.06286704531360698,-0.054945755354378255,-0.19074667842057658,-0.25822451675958136,-0.16310230176590398,-0.20641178721155878,NA,NA,NA,-0.04207176665952129,NA,0.06404739379845473,0.04027953287353215,NA,NA,NA,NA,NA,NA,0.03381159811106981,0.045242675993656334,0.09593917083578517,0.08345246308226525,NA,0.0012636139139209157,0.028771904490871032,NA,NA,NA,NA,0.054519730064985825,NA,NA,0.04164343171021666,0.13947463512982225,0.10014929685745996,-0.153527018193509
monkey,0.05116699268120852,0.3899549327965837,0.44037926427863155,0.37792482549871115,NA,NA,NA,NA,-0.011346668988631068,0.15204289808748528,0.1066155720218929,0.08010602133491519,0.014841995366809874,-0.03190651689821552,-0.05519141098814211,-0.032878502992734225,NA,NA,NA,0.0849571660605284,NA,0.4282407329390393,0.3665034834553947,NA,NA,NA,NA,NA,NA,0.40639873375381014,0.4573370131185822,0.3691186144048241,0.4335989307125423,NA,0.281173153468183,0.36201714912437416,NA,NA,NA,NA,0.3658877554994498,NA,NA,0.04593049589934892,0.3677858892821734,0.4570962706228427,0.04692545683291933
lion,0.0035188912688338785,0.3704918498211988,0.45766219176842426,0.28839691008636725,NA,NA,NA,NA,-0.03700165818584043,0.06901905473785293,0.018810577388475982,0.07686465048507338,-0.04003633463428705,-0.07495364703223462,-0.12136187240557343,0.06273646439356584,NA,NA,NA,0.10162629460045078,NA,0.36088710466631696,0.3633564877399698,NA,NA,NA,NA,NA,NA,0.41506496276790067,0.3334567561459216,0.4111958770357256,0.37724754449300507,NA,0.36300829485114094,0.3118778046575084,NA,NA,NA,NA,0.40140548262711206,NA,NA,-0.017270219548588817,0.2911470580414656,0.43376636944547237,0.056303365877592215
nature,0.009149590923684978,0.07180395832910998,0.14971694022679516,0.06072828617904183,NA,NA,NA,NA,-0.05780700293702965,0.20601436674770782,-0.07891061928758943,-0.04029145250271028,0.2140516764211261,0.271804541940885,0.2274718462729286,0.38871773299506684,NA,NA,NA,0.09980998755422955,NA,0.12326039135312437,0.25721166523978933,NA,NA,NA,NA,NA,NA,0.2568575776898542,0.18600969662298739,0.2046380942676387,0.11631993455987509,NA,0.1483158748401517,0.16705831947118538,NA,NA,NA,NA,0.2238717924668329,NA,NA,0.2416756650611827,0.14315463631576725,0.04961517051783197,0.1772083293636191
forest,-0.01160853409887044,-0.0605366555868361,0.05095695783320704,-0.01687268569425517,NA,NA,NA,NA,-0.07587691264580179,-0.02877304412875893,-0.05940716550410438,9.560792591459195e-05,-0.01769768784428841,-0.0575868021033951,-0.055160693339970514,-0.05498147692432252,NA,NA,NA,-0.19719635631074353,NA,-0.07417949205503581,-0.03246057492235396,NA,NA,NA,NA,NA,NA,-0.04091779362047873,0.07592002570454634,0.16434451595992808,0.08110203789952537,NA,0.08919158492219982,0.037003540912488815,NA,NA,NA,NA,0.009606872850338772,NA,NA,-0.09969559749400082,0.012143229182620832,0.028627966840045815,-0.027543692769746008
lake,-0.1437969747983147,-0.018762429428039778,-0.0369637338853012,-0.027932032238761652,NA,NA,NA,NA,-0.13068197694103312,-0.06545585915325743,-0.13182968501627088,-0.055771285435447265,-0.1491965883676187,-0.17440676517849782,-0.04588168971647162,-0.20772090399872756,NA,NA,NA,-0.22796582478530059,NA,-0.054718471130784194,-0.10951782319463876,NA,NA,NA,NA,NA,NA,-0.0718715735738107,0.013168595432056621,0.043499296279557675,0.06805956377830298,NA,0.05967234711343907,0.03230459855396425,NA,NA,NA,NA,-0.032502146991148645,NA,NA,-0.19020871992962954,0.0019287151494025347,0.031710253827493026,-0.14306536555749713
mountain,-0.05697421134957052,0.010714742471010723,0.012357882374980835,-0.01285565031034206,NA,NA,NA,NA,-0.169500542015012,-0.045122706215404464,-0.14347738843390512,-0.08920411365880179,-0.17068718736890034,-0.14308213691157254,-0.10472573503789308,-0.08560828474651674,NA,NA,NA,-0.1679101033619639,NA,-0.04273706818876593,-0.07514214386001192,NA,NA,NA,NA,NA,NA,-0.050384070027758236,0.02848615977214817,0.12898091122514743,0.08476971633470991,NA,0.02261195630541888,-0.02698910076245651,NA,NA,NA,NA,-0.03355412888464488,NA,NA,-0.1822070235407677,-0.003450612147832664,0.01721353489099885,-0.15677540772048887
ocean,-0.10279329362197884,0.006641794313772828,0.013468986864144512,0.008615845175537764,NA,NA,NA,NA,-0.10444310882650036,0.014653757481975435,-0.14760053664677095,-0.09496781263012642,-0.07706593122234413,-0.0893955121762642,-0.13752975957178404,-0.12886682342250397,NA,NA,NA,-0.14324947853178596,NA,-0.04876244272564371,0.05420658810042829,NA,NA,NA,NA,NA,NA,0.0557817445862619,0.06675498938571618,0.12489213302552905,0.13637391246955693,NA,-0.041290915270651284,-0.032971492294808,NA,NA,NA,NA,0.021478017487323114,NA,NA,-0.10126557714671033,0.038926215871100706,0.04810131932246195,-0.12813021167661218
reef,-0.06738815423634698,0.4331863384454566,0.46820436048199077,0.37735326604869174,NA,NA,NA,NA,-0.076277021354157,0.0876451939441184,0.0439923024441461,0.04311048852738811,0.007407466863742294,0.015756987702214797,-0.06196780481471735,0.05609686699534829,NA,NA,NA,0.009626583183836883,NA,0.4279230442675044,0.4162058003301436,NA,NA,NA,NA,NA,NA,0.45811769655245144,0.5003914571454877,0.48716556001820127,0.5704557555585339,NA,0.4592985827485944,0.48077432020206884,NA,NA,NA,NA,0.5368869762535239,NA,NA,0.016099005411157247,0.49450237017506266,0.5437432877546153,0.016921555101306898
river,-0.13688362344425656,-0.016413293381397857,-0.08240327081940849,-0.039227259356861756,NA,NA,NA,NA,-0.09940146813154979,-0.023247626220728353,-0.12591459648701864,0.002382715285352052,-0.13577939413494217,-0.14704560597556113,-0.11096213968580278,-0.11822682375217639,NA,NA,NA,-0.23945769598587377,NA,-0.12287060168654856,-0.07909751616828452,NA,NA,NA,NA,NA,NA,-0.06094907667493349,-0.004970409945685751,0.06173241613704353,0.08477907541618025,NA,-0.05506702266063035,-0.05031326479289053,NA,NA,NA,NA,-0.03349544011229669,NA,NA,-0.06206600476497681,0.009438971516016234,0.010080745914275836,-0.10129238952259752
tree,-0.09137336798502976,-0.045480506821812546,0.031089296363226732,-0.043902879980759896,NA,NA,NA,NA,-0.16156599157490023,-0.012327630022206673,-0.13609254681658622,-0.02212919425597452,-0.20854231358561826,-0.17707822226796383,-0.2743757506005438,-0.13829838705847128,NA,NA,NA,-0.18452410706102024,NA,-0.023735965230502597,-0.029042752103585402,NA,NA,NA,NA,NA,NA,0.020048522706510263,0.005075526513160644,0.09946932456947566,0.022810653640718263,NA,-0.07035013497817978,0.014361406236260671,NA,NA,NA,NA,-0.060122165907270805,NA,NA,-0.13767474859241147,0.017596248659303697,0.011141251293767827,-0.05516550687200693
sea,-0.16457740588564015,-0.0009543900962446484,0.010412774289823807,0.017998549300501345,NA,NA,NA,NA,-0.11303492725313258,-0.07957500460599974,-0.0878665693716401,-0.07753360660353689,-0.10364346194898313,-0.20696101356767352,-0.13157106196523008,-0.13327959963114397,NA,NA,NA,-0.1453676451426275,NA,-0.11649948003096566,-0.01708431223757098,NA,NA,NA,NA,NA,NA,-0.022743695399495313,0.030493202380123527,0.0421877616393943,0.12906304751621608,NA,-0.019581613532927578,-0.07606112528646575,NA,NA,NA,NA,0.01784484288921376,NA,NA,-0.10133975920498015,0.014538464195186979,0.09389385934118426,-0.10565032468804463
beach,-0.03335827016394177,0.05234154104745092,0.028071166636174778,0.04179671448681363,NA,NA,NA,NA,-0.12263559378895485,-0.0016080362349462259,0.033055894328428405,-0.022136848451500424,-0.23697956645242596,-0.15728973724466663,-0.0698567494819476,-0.16219626511146606,NA,NA,NA,-0.22608663926774142,NA,-0.027451250097270785,-0.07044531249505101,NA,NA,NA,NA,NA,NA,-0.06084446574177286,0.022957646595217127,0.011440176378611291,0.06542739338914637,NA,0.002233843044931806,0.043347556244327304,NA,NA,NA,NA,-0.05065820371061213,NA,NA,-0.1689500393740242,0.10137126578756846,0.03934146343971936,-0.15968225916752293
island,-0.05922569302102318,0.027073865591377966,-0.005537577804389926,0.04348032125960508,NA,NA,NA,NA,-0.157519104119333,-0.08659917219322497,-0.05762927629454503,-0.04406065650328546,-0.05080613336315364,-0.0638125126498526,-0.0746016844525527,-0.01496441484612977,NA,NA,NA,-0.19873401539670435,NA,-0.0197017408516974,-0.06745761491598118,NA,NA,NA,NA,NA,NA,-0.0020432827526562928,0.02528617959865242,0.13949757170740473,0.06796964671771581,NA,0.07189349319254562,0.05338907864633937,NA,NA,NA,NA,0.004438865432564954,NA,NA,-0.09808107177166758,0.021827554932949102,-0.0006170245797227598,-0.16518393864490177
coast,-0.0705705279571985,0.09189245062314913,-0.021437998241681445,0.09011919530981334,NA,NA,NA,NA,-0.06864406053207345,0.05691182046131402,0.07413205015176803,0.06458426782816414,-0.05304657673091597,0.030386361360035658,0.031039549274540404,-0.013815423378202837,NA,NA,NA,-0.15439355178055944,NA,-0.012403677971774506,-0.06098989106885236,NA,NA,NA,NA,NA,NA,-0.029689595878732565,0.0295101191691198,-0.015848693999928762,0.090866449842799,NA,0.011417598166829556,0.016396515018735378,NA,NA,NA,NA,0.06334802843839916,NA,NA,-0.007891273638783159,0.08905567387918134,0.04446602953951921,-0.06141030511769253
earth,-0.10487669001340921,0.062207348628121634,0.03959563817324027,0.035193157741803524,NA,NA,NA,NA,-0.1161291548603842,-0.008470139835733826,-0.1878810773257433,-0.19985774812378598,-0.09518761525812286,-0.0579174374599539,-0.039268668222260626,-0.004028347919879184,NA,NA,NA,-0.1815074688382325,NA,-0.09462542383775552,0.0722752328546773,NA,NA,NA,NA,NA,NA,0.08546209600576639,0.07586218368946378,0.1066261142544596,0.10197104739737123,NA,0.04998103889315782,0.049372411511872424,NA,NA,NA,NA,0.03742885491454444,NA,NA,-0.05408421848696882,0.0221216491555818,0.05585479006781838,-0.13756758373126665
planet,-0.041812490616944815,0.10064348669032257,0.0772508329448773,0.05519296825098326,NA,NA,NA,NA,-0.0828521331939663,0.019422981097041943,-0.10484935698970337,-0.16945818425235917,-0.038652623534300254,-0.003820999606419193,0.0209008894297922,-0.04132220151903485,NA,NA,NA,-0.19046029758597724,NA,0.014858557681769842,0.0500910593320691,NA,NA,NA,NA,NA,NA,0.14602128780514317,0.09761460483096432,0.17213043605294837,0.09490247035258076,NA,0.10581916415250682,0.06717657081458889,NA,NA,NA,NA,0.0395570860522799,NA,NA,0.025837902544523426,0.050540519883042874,0.07591752353178999,-0.11192271014577673
